-- phpMyAdmin SQL Dump
-- version 5.2.1
-- https://www.phpmyadmin.net/
--
-- Máy chủ: 127.0.0.1
-- Thời gian đã tạo: Th4 22, 2024 lúc 04:51 PM
-- Phiên bản máy phục vụ: 10.4.28-MariaDB
-- Phiên bản PHP: 8.1.17

SET SQL_MODE = "NO_AUTO_VALUE_ON_ZERO";
START TRANSACTION;
SET time_zone = "+00:00";


/*!40101 SET @OLD_CHARACTER_SET_CLIENT=@@CHARACTER_SET_CLIENT */;
/*!40101 SET @OLD_CHARACTER_SET_RESULTS=@@CHARACTER_SET_RESULTS */;
/*!40101 SET @OLD_COLLATION_CONNECTION=@@COLLATION_CONNECTION */;
/*!40101 SET NAMES utf8mb4 */;

--
-- Cơ sở dữ liệu: `nthstore`
--

-- --------------------------------------------------------

--
-- Cấu trúc bảng cho bảng `admin`
--

CREATE TABLE `admin` (
  `id` int(11) NOT NULL,
  `name` varchar(255) NOT NULL,
  `account` varchar(255) NOT NULL,
  `email` varchar(255) NOT NULL,
  `address` varchar(255) NOT NULL,
  `password` varchar(255) NOT NULL,
  `phone` varchar(50) NOT NULL,
  `status` tinyint(4) NOT NULL DEFAULT 1,
  `level` tinyint(4) NOT NULL DEFAULT 1,
  `create_at` timestamp NOT NULL DEFAULT current_timestamp(),
  `update_at` timestamp NOT NULL DEFAULT current_timestamp() ON UPDATE current_timestamp()
) ENGINE=InnoDB DEFAULT CHARSET=utf8 COLLATE=utf8_unicode_ci;

--
-- Đang đổ dữ liệu cho bảng `admin`
--

INSERT INTO `admin` (`id`, `name`, `account`, `email`, `address`, `password`, `phone`, `status`, `level`, `create_at`, `update_at`) VALUES
(1, 'nth2982', 'admin', 'nth2982@gmail.com', '622/10 Cộng Hòa, Phường 13, Tân Bình, Hồ Chí Minh', '4297f44b13955235245b2497399d7a93', '0344517822', 1, 2, '2024-04-04 07:49:15', '2024-04-20 14:50:29');

-- --------------------------------------------------------

--
-- Cấu trúc bảng cho bảng `category`
--

CREATE TABLE `category` (
  `id` int(11) NOT NULL,
  `name` varchar(100) NOT NULL,
  `page_id` int(11) NOT NULL,
  `home` tinyint(4) DEFAULT 0,
  `status` tinyint(4) DEFAULT 1,
  `create_at` timestamp NOT NULL DEFAULT current_timestamp(),
  `update_at` timestamp NOT NULL DEFAULT current_timestamp() ON UPDATE current_timestamp()
) ENGINE=InnoDB DEFAULT CHARSET=utf8 COLLATE=utf8_unicode_ci;

--
-- Đang đổ dữ liệu cho bảng `category`
--

INSERT INTO `category` (`id`, `name`, `page_id`, `home`, `status`, `create_at`, `update_at`) VALUES
(1, 'RAM', 1, 1, 1, '2024-04-14 06:32:17', '2024-04-14 07:07:42'),
(2, 'MainBoard', 1, 1, 1, '2024-04-14 06:32:17', '2024-04-14 07:07:42'),
(3, 'SSD - HDD', 1, 1, 1, '2024-04-14 06:33:01', '2024-04-14 07:07:42'),
(4, 'Case - Thùng máy', 1, 1, 1, '2024-04-14 06:33:01', '2024-04-14 07:07:42'),
(5, 'Card màn hình', 1, 1, 1, '2024-04-14 06:33:43', '2024-04-14 07:07:42'),
(6, 'CPU', 1, 1, 1, '2024-04-14 06:33:43', '2024-04-14 07:07:42'),
(7, 'Laptop Gaming', 2, 1, 1, '2024-04-14 06:35:03', '2024-04-14 07:07:42'),
(8, 'Laptop văn phòng', 2, 1, 1, '2024-04-14 06:35:03', '2024-04-14 07:07:42'),
(9, 'PC Gaming', 3, 1, 1, '2024-04-14 06:36:26', '2024-04-14 07:07:42'),
(10, 'PC văn phòng', 3, 1, 1, '2024-04-14 06:36:26', '2024-04-14 07:07:42'),
(11, 'PC thiết kế đồ họa', 3, 1, 1, '2024-04-14 06:37:03', '2024-04-14 07:07:42');

-- --------------------------------------------------------

--
-- Cấu trúc bảng cho bảng `comment`
--

CREATE TABLE `comment` (
  `id` int(11) NOT NULL,
  `content` text NOT NULL,
  `product_id` int(11) NOT NULL,
  `users_id` int(11) NOT NULL,
  `users_name` varchar(50) NOT NULL,
  `create_at` timestamp NOT NULL DEFAULT current_timestamp() ON UPDATE current_timestamp(),
  `update_at` timestamp NOT NULL DEFAULT current_timestamp() ON UPDATE current_timestamp()
) ENGINE=InnoDB DEFAULT CHARSET=utf8 COLLATE=utf8_unicode_ci;

--
-- Đang đổ dữ liệu cho bảng `comment`
--

INSERT INTO `comment` (`id`, `content`, `product_id`, `users_id`, `users_name`, `create_at`, `update_at`) VALUES
(1, 'Sản phẩm tốt', 92, 1, '', '2024-04-20 14:57:36', '2024-04-20 14:57:36');

-- --------------------------------------------------------

--
-- Cấu trúc bảng cho bảng `orders`
--

CREATE TABLE `orders` (
  `id` int(11) NOT NULL,
  `transaction_id` int(11) NOT NULL,
  `product_id` int(11) NOT NULL,
  `qty` int(11) NOT NULL,
  `price` varchar(255) NOT NULL,
  `create_at` timestamp NOT NULL DEFAULT current_timestamp(),
  `update_at` timestamp NOT NULL DEFAULT current_timestamp() ON UPDATE current_timestamp()
) ENGINE=InnoDB DEFAULT CHARSET=utf8 COLLATE=utf8_unicode_ci;

--
-- Đang đổ dữ liệu cho bảng `orders`
--

INSERT INTO `orders` (`id`, `transaction_id`, `product_id`, `qty`, `price`, `create_at`, `update_at`) VALUES
(58, 56, 93, 1, '9144900', '2024-04-20 03:45:41', '2024-04-20 03:45:41'),
(59, 56, 92, 1, '1082900', '2024-04-20 03:45:41', '2024-04-20 03:45:41'),
(61, 65, 92, 1, '1082900', '2024-04-20 13:13:16', '2024-04-20 13:13:16'),
(62, 66, 90, 1, '7677200', '2024-04-20 13:14:03', '2024-04-20 13:14:03'),
(64, 68, 91, 1, '3599100', '2024-04-20 13:17:23', '2024-04-20 13:17:23'),
(65, 69, 92, 1, '1082900', '2024-04-20 13:18:55', '2024-04-20 13:18:55');

-- --------------------------------------------------------

--
-- Cấu trúc bảng cho bảng `page`
--

CREATE TABLE `page` (
  `id` int(11) NOT NULL,
  `name` varchar(255) NOT NULL,
  `homepage` int(11) NOT NULL DEFAULT 0,
  `create_update` timestamp NOT NULL DEFAULT current_timestamp(),
  `update_at` timestamp NOT NULL DEFAULT current_timestamp() ON UPDATE current_timestamp()
) ENGINE=InnoDB DEFAULT CHARSET=utf8 COLLATE=utf8_unicode_ci;

--
-- Đang đổ dữ liệu cho bảng `page`
--

INSERT INTO `page` (`id`, `name`, `homepage`, `create_update`, `update_at`) VALUES
(1, 'Linh kiện máy tính', 0, '2024-04-14 06:30:38', '2024-04-14 06:30:38'),
(2, 'Laptop', 0, '2024-04-14 06:31:09', '2024-04-14 06:31:09'),
(3, 'PC', 0, '2024-04-14 06:31:16', '2024-04-14 06:31:16');

-- --------------------------------------------------------

--
-- Cấu trúc bảng cho bảng `panel`
--

CREATE TABLE `panel` (
  `id` int(11) NOT NULL,
  `panel` varchar(255) NOT NULL,
  `sum` int(11) NOT NULL DEFAULT 0,
  `creat_at` timestamp NOT NULL DEFAULT current_timestamp() ON UPDATE current_timestamp(),
  `update_at` timestamp NOT NULL DEFAULT '0000-00-00 00:00:00' ON UPDATE current_timestamp()
) ENGINE=InnoDB DEFAULT CHARSET=utf8 COLLATE=utf8_unicode_ci;

--
-- Đang đổ dữ liệu cho bảng `panel`
--

INSERT INTO `panel` (`id`, `panel`, `sum`, `creat_at`, `update_at`) VALUES
(7, 'panel.png', 1, '2024-04-20 10:50:07', '2024-04-20 10:50:07'),
(21, 'Mainboard-ASUS-TUF-GAMING-X570-PLUS-WI-FI.png', 0, '2024-04-20 10:50:24', '0000-00-00 00:00:00'),
(23, 'Ram-Corsair-Vengeance RGB-32GB.png', 0, '2024-04-20 10:51:43', '2024-04-20 10:51:43'),
(24, '4.png', 0, '2024-04-20 10:51:52', '0000-00-00 00:00:00');

-- --------------------------------------------------------

--
-- Cấu trúc bảng cho bảng `product`
--

CREATE TABLE `product` (
  `id` int(11) NOT NULL,
  `name` varchar(255) NOT NULL,
  `price` int(11) NOT NULL,
  `sale` tinyint(4) NOT NULL DEFAULT 0,
  `pay` int(11) NOT NULL,
  `number` int(11) NOT NULL DEFAULT 0,
  `thumbal` varchar(255) NOT NULL,
  `category_id` int(11) NOT NULL,
  `content` text NOT NULL,
  `chitietsp` text NOT NULL,
  `create_at` timestamp NOT NULL DEFAULT current_timestamp(),
  `update_at` timestamp NOT NULL DEFAULT current_timestamp() ON UPDATE current_timestamp()
) ENGINE=InnoDB DEFAULT CHARSET=utf8 COLLATE=utf8_unicode_ci;

--
-- Đang đổ dữ liệu cho bảng `product`
--

INSERT INTO `product` (`id`, `name`, `price`, `sale`, `pay`, `number`, `thumbal`, `category_id`, `content`, `chitietsp`, `create_at`, `update_at`) VALUES
(90, 'RAM Corsair Dominator Platinum White 64GB (2x32GB) RGB 5600 DDR5 (CMT64GX5M2B5600C40W)', 11290000, 32, 3, 81, 'RAM-Corsair-Dominator-Platinum-White-64GB.png', 1, '<ul style=\"font-family: \" sf=\"\" pro=\"\" display\",=\"\" arial,=\"\" sans-serif;=\"\" margin-right:=\"\" 0px;=\"\" margin-bottom:=\"\" margin-left:=\"\" padding:=\"\" list-style-type:=\"\" none;=\"\" color:=\"\" rgb(17,=\"\" 17,=\"\" 17);\"=\"\"><li style=\"margin: 0px; padding: 0px;\"><table id=\"tblGeneralAttribute\" border=\"1\" cellspacing=\"0\" class=\"mce-item-table table table-bordered\" style=\"font-family: Roboto, sans-serif; margin-top: 0px; margin-right: 0px; margin-left: 0px; padding: 0px; width: 645.325px; border-color: rgb(238, 238, 238); background-color: rgb(255, 255, 255); font-size: 13px; line-height: 20px; min-width: 500px;\"><tbody style=\"font-family: \" sf=\"\" pro=\"\" display\",=\"\" arial,=\"\" sans-serif;=\"\" margin:=\"\" 0px;=\"\" padding:=\"\" 0px;\"=\"\"><tr class=\"row-info\" style=\"margin: 0px; padding: 0px;\"><td style=\"margin: 0px; border-color: rgb(238, 238, 238); position: relative; width: 232px; background-color: rgb(247, 247, 247) !important;\"><span style=\"margin: 0px; padding: 0px; font-size: 16px;\"><span style=\"margin: 0px; padding: 0px; font-weight: bolder;\"><span style=\"margin: 0px; padding: 0px; color: rgb(0, 0, 0);\">Dung lượng bộ nhớ</span></span></span></td><td style=\"margin: 0px; border-color: rgb(238, 238, 238); position: relative; width: 598px;\"><span style=\"margin: 0px; padding: 0px; font-size: 16px;\"><span style=\"margin: 0px; padding: 0px; color: rgb(0, 0, 0);\">64GB</span></span></td></tr><tr class=\"row-info\" style=\"margin: 0px; padding: 0px;\"><td style=\"margin: 0px; border-color: rgb(238, 238, 238); position: relative; width: 232px; background-color: rgb(247, 247, 247) !important;\"><span style=\"margin: 0px; padding: 0px; font-size: 16px;\"><span style=\"margin: 0px; padding: 0px; color: rgb(0, 0, 0);\"><span style=\"margin: 0px; padding: 0px; font-weight: bolder;\">Tốc độ đã kiểm tra</span></span></span></td><td style=\"margin: 0px; border-color: rgb(238, 238, 238); position: relative; width: 598px;\"><span style=\"margin: 0px; padding: 0px; font-size: 16px;\"><span style=\"margin: 0px; padding: 0px; color: rgb(0, 0, 0);\">5600</span></span></td></tr><tr class=\"row-info\" style=\"margin: 0px; padding: 0px;\"><td style=\"margin: 0px; border-color: rgb(238, 238, 238); position: relative; width: 232px; background-color: rgb(247, 247, 247) !important;\"><span style=\"margin: 0px; padding: 0px; font-size: 16px;\"><span style=\"margin: 0px; padding: 0px; color: rgb(0, 0, 0);\"><span style=\"margin: 0px; padding: 0px; font-weight: bolder;\">Điện áp thử nghiệm</span></span></span></td><td style=\"margin: 0px; border-color: rgb(238, 238, 238); position: relative; width: 598px;\"><span style=\"margin: 0px; padding: 0px; font-size: 16px;\"><span style=\"margin: 0px; padding: 0px; color: rgb(0, 0, 0);\">1.25V</span></span></td></tr><tr class=\"row-info\" style=\"margin: 0px; padding: 0px;\"><td style=\"margin: 0px; border-color: rgb(238, 238, 238); position: relative; width: 232px; background-color: rgb(247, 247, 247) !important;\"><span style=\"margin: 0px; padding: 0px; font-size: 16px;\"><span style=\"margin: 0px; padding: 0px; color: rgb(0, 0, 0);\"><span style=\"margin: 0px; padding: 0px; font-weight: bolder;\">Điện áp SPD</span></span></span></td><td style=\"margin: 0px; border-color: rgb(238, 238, 238); position: relative; width: 598px;\"><span style=\"margin: 0px; padding: 0px; font-size: 16px;\"><span style=\"margin: 0px; padding: 0px; color: rgb(0, 0, 0);\">1.1V</span></span></td></tr><tr class=\"row-info\" style=\"margin: 0px; padding: 0px;\"><td style=\"margin: 0px; border-color: rgb(238, 238, 238); position: relative; width: 232px; background-color: rgb(247, 247, 247) !important;\"><span style=\"margin: 0px; padding: 0px; font-size: 16px;\"><span style=\"margin: 0px; padding: 0px; color: rgb(0, 0, 0);\"><span style=\"margin: 0px; padding: 0px; font-weight: bolder;\">Điểm tốc độ</span></span></span></td><td style=\"margin: 0px; border-color: rgb(238, 238, 238); position: relative; width: 598px;\"><span style=\"margin: 0px; padding: 0px; font-size: 16px;\"><span style=\"margin: 0px; padding: 0px; color: rgb(0, 0, 0);\"> PC5-44800 (DDR5-5600)</span></span></td></tr><tr class=\"row-info\" style=\"margin: 0px; padding: 0px;\"><td style=\"margin: 0px; border-color: rgb(238, 238, 238); position: relative; width: 232px; background-color: rgb(247, 247, 247) !important;\"><span style=\"margin: 0px; padding: 0px; font-size: 16px;\"><span style=\"margin: 0px; padding: 0px; font-weight: bolder;\"><span style=\"margin: 0px; padding: 0px; color: rgb(0, 0, 0);\">Tốc độ SPD</span></span></span></td><td style=\"margin: 0px; border-color: rgb(238, 238, 238); position: relative; width: 598px;\"><span style=\"margin: 0px; padding: 0px; font-size: 16px;\"><span style=\"margin: 0px; padding: 0px; color: rgb(0, 0, 0);\">4000MHz</span></span></td></tr><tr class=\"row-info\" style=\"margin: 0px; padding: 0px;\"><td style=\"margin: 0px; border-color: rgb(238, 238, 238); position: relative; width: 232px; background-color: rgb(247, 247, 247) !important;\"><span style=\"margin: 0px; padding: 0px; font-size: 16px;\"><span style=\"margin: 0px; padding: 0px; color: rgb(0, 0, 0);\"><span style=\"margin: 0px; padding: 0px; font-weight: bolder;\">Độ trễ</span></span></span></td><td style=\"margin: 0px; border-color: rgb(238, 238, 238); position: relative; width: 598px;\"><span style=\"margin: 0px; padding: 0px; font-size: 16px;\"><span style=\"margin: 0px; padding: 0px; color: rgb(0, 0, 0);\">32-32-32-64</span></span></td></tr><tr class=\"row-info\" style=\"margin: 0px; padding: 0px;\"><td style=\"margin: 0px; border-color: rgb(238, 238, 238); position: relative; width: 232px; background-color: rgb(247, 247, 247) !important;\"><span style=\"margin: 0px; padding: 0px; font-size: 16px;\"><span style=\"margin: 0px; padding: 0px; font-weight: bolder;\">Performance Profile</span></span></td><td style=\"margin: 0px; border-color: rgb(238, 238, 238); position: relative; width: 598px;\"><span style=\"margin: 0px; padding: 0px; font-size: 16px;\"><span style=\"margin: 0px; padding: 0px; color: rgb(0, 0, 0);\">XMP 3.0</span></span></td></tr><tr class=\"row-info\" style=\"margin: 0px; padding: 0px;\"><td style=\"margin: 0px; border-color: rgb(238, 238, 238); position: relative; width: 232px; background-color: rgb(247, 247, 247) !important;\"><span style=\"margin: 0px; padding: 0px; font-size: 16px;\"><span style=\"margin: 0px; padding: 0px; font-weight: bolder;\">Package Memory Format</span></span></td><td style=\"margin: 0px; border-color: rgb(238, 238, 238); position: relative; width: 598px;\"><span style=\"margin: 0px; padding: 0px; font-size: 16px;\"><span style=\"margin: 0px; padding: 0px; color: rgb(0, 0, 0);\">DIMM</span></span></td></tr><tr class=\"row-info\" style=\"margin: 0px; padding: 0px;\"><td style=\"margin: 0px; border-color: rgb(238, 238, 238); position: relative; width: 232px; background-color: rgb(247, 247, 247) !important;\"><span style=\"margin: 0px; padding: 0px; font-size: 16px;\"><span style=\"margin: 0px; padding: 0px; color: rgb(0, 0, 0);\"><span style=\"margin: 0px; padding: 0px; font-weight: bolder;\">Dòng bộ nhớ</span></span></span></td><td style=\"margin: 0px; border-color: rgb(238, 238, 238); position: relative; width: 598px;\"><div class=\"scroll-table\" style=\"margin: 0px; padding: 0px;\"><table style=\"margin: 0px; padding: 0px; width: 431.388px;\"><tbody style=\"margin: 0px; padding: 0px;\"><tr style=\"margin: 0px; padding: 0px;\"><td style=\"margin: 0px; padding-top: 0.75rem; padding-bottom: 0.75rem; border: 1px solid rgb(222, 226, 230); position: relative; vertical-align: top;\"><span style=\"margin: 0px; padding: 0px; font-size: 16px;\">DOMINATOR RGB DDR5</span></td></tr></tbody></table></div></td></tr><tr class=\"row-info\" style=\"margin: 0px; padding: 0px;\"><td style=\"margin: 0px; border-color: rgb(238, 238, 238); position: relative; width: 232px; background-color: rgb(247, 247, 247) !important;\"><span style=\"margin: 0px; padding: 0px; font-size: 16px;\"><span style=\"margin: 0px; padding: 0px; font-weight: bolder;\">Package Memory Pin</span></span></td><td style=\"margin: 0px; border-color: rgb(238, 238, 238); position: relative; width: 598px;\"><span style=\"margin: 0px; padding: 0px; font-size: 16px;\"><span style=\"margin: 0px; padding: 0px; color: rgb(0, 0, 0);\">288</span></span></td></tr><tr class=\"row-info\" style=\"margin: 0px; padding: 0px;\"><td style=\"margin: 0px; border-color: rgb(238, 238, 238); position: relative; width: 232px; background-color: rgb(247, 247, 247) !important;\"><span style=\"margin: 0px; padding: 0px; font-size: 16px;\"><span style=\"margin: 0px; padding: 0px; color: rgb(0, 0, 0);\"><span style=\"margin: 0px; padding: 0px; font-weight: bolder;\">Interface</span></span></span></td><td style=\"margin: 0px; border-color: rgb(238, 238, 238); position: relative; width: 598px;\"><span style=\"margin: 0px; padding: 0px; font-size: 16px;\"><span style=\"margin: 0px; padding: 0px; color: rgb(0, 0, 0);\">DDR5</span></span></td></tr><tr class=\"row-info\" style=\"margin: 0px; padding: 0px;\"><td style=\"margin: 0px; border-color: rgb(238, 238, 238); position: relative; width: 232px; background-color: rgb(247, 247, 247) !important;\"><span style=\"margin: 0px; padding: 0px; font-size: 16px;\"><span style=\"margin: 0px; padding: 0px; font-weight: bolder;\"><span style=\"margin: 0px; padding: 0px; color: rgb(0, 0, 0);\">LED</span></span></span></td><td style=\"margin: 0px; border-color: rgb(238, 238, 238); position: relative; width: 598px;\"><span style=\"margin: 0px; padding: 0px; font-size: 16px;\"><span style=\"margin: 0px; padding: 0px; color: rgb(0, 0, 0);\">RGB</span></span></td></tr><tr class=\"row-info\" style=\"margin: 0px; padding: 0px;\"><td style=\"margin: 0px; border-color: rgb(238, 238, 238); position: relative; width: 232px; background-color: rgb(247, 247, 247) !important;\"><span style=\"margin: 0px; padding: 0px; font-size: 16px;\"><span style=\"margin: 0px; padding: 0px; font-weight: bolder;\"><span style=\"margin: 0px; padding: 0px; color: rgb(0, 0, 0);\">Tản nhiệt</span></span></span></td><td style=\"margin: 0px; border-color: rgb(238, 238, 238); position: relative; width: 598px;\"><span style=\"margin: 0px; padding: 0px; font-size: 16px;\"><span style=\"margin: 0px; padding: 0px; color: rgb(0, 0, 0);\">Nhôm</span></span></td></tr><tr class=\"row-info\" style=\"margin: 0px; padding: 0px;\"><td style=\"margin: 0px; border-color: rgb(238, 238, 238); position: relative; width: 232px; background-color: rgb(247, 247, 247) !important;\"><span style=\"margin: 0px; padding: 0px; font-size: 16px;\"><span style=\"margin: 0px; padding: 0px; color: rgb(0, 0, 0);\"><span style=\"margin: 0px; padding: 0px; font-weight: bolder;\">Màu sắc</span></span></span></td><td style=\"margin: 0px; border-color: rgb(238, 238, 238); position: relative; width: 598px;\"><span style=\"margin: 0px; padding: 0px; font-size: 16px;\"><span style=\"margin: 0px; padding: 0px; color: rgb(0, 0, 0);\">White</span></span></td></tr><tr style=\"margin: 0px; padding: 0px;\"><td style=\"margin: 0px; border-color: rgb(238, 238, 238); position: relative; width: 232px; background-color: rgb(247, 247, 247) !important;\"><span style=\"margin: 0px; padding: 0px; font-size: 16px;\"><span style=\"margin: 0px; padding: 0px; font-weight: bolder;\"><span style=\"margin: 0px; padding: 0px; color: rgb(0, 0, 0);\">Tương thích </span></span></span></td><td style=\"margin: 0px; border-color: rgb(238, 238, 238); position: relative; width: 598px;\"><span style=\"margin: 0px; padding: 0px; font-size: 16px;\"><span style=\"margin: 0px; padding: 0px; color: rgb(0, 0, 0);\">Intel 600 Series, </span>Intel 700 Series</span></td></tr><tr style=\"margin: 0px; padding: 0px;\"><td style=\"margin: 0px; border-color: rgb(238, 238, 238); position: relative; width: 232px; background-color: rgb(247, 247, 247) !important;\"><span style=\"margin: 0px; padding: 0px; font-size: 16px;\"><span style=\"margin: 0px; padding: 0px; font-weight: bolder;\"><span style=\"margin: 0px; padding: 0px; color: rgb(0, 0, 0);\">Truyền nhiệt</span></span></span></td><td style=\"margin: 0px; border-color: rgb(238, 238, 238); position: relative; width: 598px;\"><span style=\"margin: 0px; padding: 0px; font-size: 16px;\"><span style=\"margin: 0px; padding: 0px; color: rgb(0, 0, 0);\">Anodized Aluminum</span></span></td></tr><tr style=\"margin: 0px; padding: 0px;\"><td style=\"margin: 0px; border-color: rgb(238, 238, 238); position: relative; width: 232px; background-color: rgb(247, 247, 247) !important;\"><span style=\"margin: 0px; padding: 0px; font-size: 16px;\"><span style=\"margin: 0px; padding: 0px; font-weight: bolder;\">Power Draw</span></span></td><td style=\"margin: 0px; border-color: rgb(238, 238, 238); position: relative; width: 598px;\"><span style=\"margin: 0px; padding: 0px; font-size: 16px;\"><span style=\"margin: 0px; padding: 0px; color: rgb(0, 0, 0);\">Ép xung PMIC</span></span></td></tr></tbody></table></li></ul>', '<br>', '2024-04-14 06:44:39', '2024-04-20 13:52:53'),
(91, 'Ram Corsair Vengeance RGB 32GB (2x16GB) 5200 DDR5 White (CMH32GX5M2B5200C40W)', 3999000, 10, 0, 12, 'Ram-Corsair-Vengeance RGB-32GB.png', 1, '<table id=\"tblGeneralAttribute\" border=\"1\" cellpadding=\"3\" cellspacing=\"0\" class=\"table table-bordered\" style=\"font-family: Roboto, sans-serif; margin-top: 0px; margin-right: auto; margin-left: auto; padding: 0px; width: 645.325px; border-color: rgb(238, 238, 238); background-color: rgb(255, 255, 255); font-size: 13px; line-height: 20px; min-width: 500px;\"><tbody style=\"font-family: &quot;SF Pro Display&quot;, Arial, sans-serif; margin: 0px; padding: 0px;\"><tr class=\"row-info\" style=\"margin: 0px; padding: 0px;\"><td style=\"margin: 0px; border-color: rgb(238, 238, 238); position: relative; width: 158px; background-color: rgb(247, 247, 247) !important;\"><span style=\"margin: 0px; padding: 0px; font-size: 16px;\"><span style=\"margin: 0px; padding: 0px; font-weight: bolder;\">Hãng sản xuất</span></span></td><td style=\"margin: 0px; border-color: rgb(238, 238, 238); position: relative; width: 675px;\"><span style=\"margin: 0px; padding: 0px; font-size: 16px;\">CORSAIR</span></td></tr><tr style=\"margin: 0px; padding: 0px;\"><td style=\"margin: 0px; border-color: rgb(238, 238, 238); position: relative; width: 158px; background-color: rgb(247, 247, 247) !important;\"><span style=\"margin: 0px; padding: 0px; font-size: 16px;\"><span style=\"margin: 0px; padding: 0px; font-weight: bolder;\">Bảo Hành</span></span></td><td style=\"margin: 0px; border-color: rgb(238, 238, 238); position: relative; width: 675px;\"><span style=\"margin: 0px; padding: 0px; font-size: 16px;\">36 Tháng</span></td></tr><tr class=\"row-info\" style=\"margin: 0px; padding: 0px;\"><td style=\"margin: 0px; border-color: rgb(238, 238, 238); position: relative; width: 158px; background-color: rgb(247, 247, 247) !important;\"><span style=\"margin: 0px; padding: 0px; font-size: 16px;\"><span style=\"margin: 0px; padding: 0px; font-weight: bolder;\">Series</span></span></td><td style=\"margin: 0px; border-color: rgb(238, 238, 238); position: relative; width: 675px;\"><span style=\"margin: 0px; padding: 0px; font-size: 16px;\">VENGEANCE RGB DDR5</span></td></tr><tr style=\"margin: 0px; padding: 0px;\"><td style=\"margin: 0px; border-color: rgb(238, 238, 238); position: relative; width: 158px; background-color: rgb(247, 247, 247) !important;\"><span style=\"margin: 0px; padding: 0px; font-size: 16px;\"><span style=\"margin: 0px; padding: 0px; font-weight: bolder;\">Màu</span></span></td><td style=\"margin: 0px; border-color: rgb(238, 238, 238); position: relative; width: 675px;\"><span style=\"margin: 0px; padding: 0px; font-size: 16px;\">Trắng</span></td></tr><tr class=\"row-info\" style=\"margin: 0px; padding: 0px;\"><td style=\"margin: 0px; border-color: rgb(238, 238, 238); position: relative; width: 158px; background-color: rgb(247, 247, 247) !important;\"><span style=\"margin: 0px; padding: 0px; font-size: 16px;\"><span style=\"margin: 0px; padding: 0px; font-weight: bolder;\">Loại Ram</span></span></td><td style=\"margin: 0px; border-color: rgb(238, 238, 238); position: relative; width: 675px;\"><span style=\"margin: 0px; padding: 0px; font-size: 16px;\">DDR5</span></td></tr><tr class=\"row-info\" style=\"margin: 0px; padding: 0px;\"><td style=\"margin: 0px; border-color: rgb(238, 238, 238); position: relative; width: 158px; background-color: rgb(247, 247, 247) !important;\"><span style=\"margin: 0px; padding: 0px; font-size: 16px;\"><span style=\"margin: 0px; padding: 0px; font-weight: bolder;\">Dung lượng</span></span></td><td style=\"margin: 0px; border-color: rgb(238, 238, 238); position: relative; width: 675px;\"><span style=\"margin: 0px; padding: 0px; font-size: 16px;\">32GB ( 2 x 16Gb )</span></td></tr><tr class=\"row-info\" style=\"margin: 0px; padding: 0px;\"><td style=\"margin: 0px; border-color: rgb(238, 238, 238); position: relative; width: 158px; background-color: rgb(247, 247, 247) !important;\"><span style=\"margin: 0px; padding: 0px; font-size: 16px;\"><span style=\"margin: 0px; padding: 0px; font-weight: bolder;\">Bus</span></span></td><td style=\"margin: 0px; border-color: rgb(238, 238, 238); position: relative; width: 675px;\"><span style=\"margin: 0px; padding: 0px; font-size: 16px;\">5200MHz</span></td></tr><tr class=\"row-info\" style=\"margin: 0px; padding: 0px;\"><td style=\"margin: 0px; border-color: rgb(238, 238, 238); position: relative; width: 158px; background-color: rgb(247, 247, 247) !important;\"><span style=\"margin: 0px; padding: 0px; font-size: 16px;\"><span style=\"margin: 0px; padding: 0px; font-weight: bolder;\">Tản nhiệt</span></span></td><td style=\"margin: 0px; border-color: rgb(238, 238, 238); position: relative; width: 675px;\"><span style=\"margin: 0px; padding: 0px; font-size: 16px;\">Có</span></td></tr><tr class=\"row-info\" style=\"margin: 0px; padding: 0px;\"><td style=\"margin: 0px; border-color: rgb(238, 238, 238); position: relative; width: 158px; background-color: rgb(247, 247, 247) !important;\"><span style=\"margin: 0px; padding: 0px; font-size: 16px;\"><span style=\"margin: 0px; padding: 0px; font-weight: bolder;\">LED</span></span></td><td style=\"margin: 0px; border-color: rgb(238, 238, 238); position: relative; width: 675px;\"><span style=\"margin: 0px; padding: 0px; font-size: 16px;\">RGB</span></td></tr><tr class=\"row-info\" style=\"margin: 0px; padding: 0px;\"><td style=\"margin: 0px; border-color: rgb(238, 238, 238); position: relative; width: 158px; background-color: rgb(247, 247, 247) !important;\"><span style=\"margin: 0px; padding: 0px; font-size: 16px;\"><span style=\"margin: 0px; padding: 0px; font-weight: bolder;\">Độ trễ</span></span></td><td style=\"margin: 0px; border-color: rgb(238, 238, 238); position: relative; width: 675px;\"><div class=\"scroll-table\" style=\"margin: 0px; padding: 0px;\"><table style=\"margin: 0px; padding: 0px; width: 496.35px;\"><tbody style=\"margin: 0px; padding: 0px;\"><tr style=\"margin: 0px; padding: 0px;\"><td style=\"margin: 0px; padding-top: 0.75rem; padding-bottom: 0.75rem; border: 1px solid rgb(222, 226, 230); position: relative; vertical-align: top;\"><span style=\"margin: 0px; padding: 0px; font-size: 16px;\">40-40-40-77</span></td></tr></tbody></table></div></td></tr></tbody></table>', '<br>', '2024-04-14 06:48:11', '2024-04-14 06:48:11'),
(92, 'Ram PNY XLR8 Silver 1x8GB 3200 RGB', 1190000, 9, 1, 26, 'Ram-PNY-XLR8-Silver-1x8GB-3200 RGB.png', 1, '<table border=\"1\" cellspacing=\"0\" class=\"mce-item-table table table-bordered\" style=\"font-family: Roboto, sans-serif; margin-top: 0px; margin-right: auto; margin-left: auto; padding: 0px; width: 645.325px; border-color: rgb(238, 238, 238); background-color: rgb(255, 255, 255); font-size: 13px; line-height: 20px; min-width: 500px;\"><tbody style=\"font-family: &quot;SF Pro Display&quot;, Arial, sans-serif; margin: 0px; padding: 0px;\"><tr style=\"margin: 0px; padding: 0px;\"><td style=\"margin: 0px; border-color: rgb(238, 238, 238); position: relative; width: 224px; background-color: rgb(247, 247, 247) !important;\"><span style=\"margin: 0px; padding: 0px; font-size: 16px;\"><span style=\"margin: 0px; padding: 0px; color: rgb(0, 0, 0);\"><span style=\"margin: 0px; padding: 0px; font-weight: bolder;\">Thương hiệu</span></span></span></td><td style=\"margin: 0px; border-color: rgb(238, 238, 238); position: relative; width: 609px;\"><span style=\"margin: 0px; padding: 0px; font-size: 16px;\"><span style=\"margin: 0px; padding: 0px; color: rgb(0, 0, 0);\">PNY</span></span></td></tr><tr style=\"margin: 0px; padding: 0px;\"><td style=\"margin: 0px; border-color: rgb(238, 238, 238); position: relative; width: 224px; background-color: rgb(247, 247, 247) !important;\"><span style=\"margin: 0px; padding: 0px; font-size: 16px;\"><span style=\"margin: 0px; padding: 0px; color: rgb(0, 0, 0);\"><span style=\"margin: 0px; padding: 0px; font-weight: bolder;\">Series</span></span></span></td><td style=\"margin: 0px; border-color: rgb(238, 238, 238); position: relative; width: 609px;\"><span style=\"margin: 0px; padding: 0px; font-size: 16px;\"><span style=\"margin: 0px; padding: 0px; color: rgb(0, 0, 0);\">XLR8 Silver 1x8GB 3200 RGB</span></span></td></tr><tr style=\"margin: 0px; padding: 0px;\"><td style=\"margin: 0px; border-color: rgb(238, 238, 238); position: relative; width: 224px; background-color: rgb(247, 247, 247) !important;\"><span style=\"margin: 0px; padding: 0px; font-size: 16px;\"><span style=\"margin: 0px; padding: 0px; color: rgb(0, 0, 0);\"><span style=\"margin: 0px; padding: 0px; font-weight: bolder;\">Màu sắc</span></span></span></td><td style=\"margin: 0px; border-color: rgb(238, 238, 238); position: relative; width: 609px;\"><span style=\"margin: 0px; padding: 0px; font-size: 16px;\"><span style=\"margin: 0px; padding: 0px; color: rgb(0, 0, 0);\">Bạc</span></span></td></tr><tr class=\"row-info\" style=\"margin: 0px; padding: 0px;\"><td style=\"margin: 0px; border-color: rgb(238, 238, 238); position: relative; width: 224px; background-color: rgb(247, 247, 247) !important;\"><span style=\"margin: 0px; padding: 0px; font-size: 16px;\"><span style=\"margin: 0px; padding: 0px; color: rgb(0, 0, 0);\"><span style=\"margin: 0px; padding: 0px; font-weight: bolder;\">Loại RAM</span></span></span></td><td style=\"margin: 0px; border-color: rgb(238, 238, 238); position: relative; width: 609px;\"><span style=\"margin: 0px; padding: 0px; font-size: 16px;\"><span style=\"margin: 0px; padding: 0px; color: rgb(0, 0, 0);\">DDR4</span></span></td></tr><tr class=\"row-info\" style=\"margin: 0px; padding: 0px;\"><td style=\"margin: 0px; border-color: rgb(238, 238, 238); position: relative; width: 224px; background-color: rgb(247, 247, 247) !important;\"><span style=\"margin: 0px; padding: 0px; font-size: 16px;\"><span style=\"margin: 0px; padding: 0px; color: rgb(0, 0, 0);\"><span style=\"margin: 0px; padding: 0px; font-weight: bolder;\">Dung lượng</span></span></span></td><td style=\"margin: 0px; border-color: rgb(238, 238, 238); position: relative; width: 609px;\"><span style=\"margin: 0px; padding: 0px; font-size: 16px;\"><span style=\"margin: 0px; padding: 0px; color: rgb(0, 0, 0);\">1 x 8GB</span></span></td></tr><tr class=\"row-info\" style=\"margin: 0px; padding: 0px;\"><td style=\"margin: 0px; border-color: rgb(238, 238, 238); position: relative; width: 224px; background-color: rgb(247, 247, 247) !important;\"><span style=\"margin: 0px; padding: 0px; font-size: 16px;\"><span style=\"margin: 0px; padding: 0px; color: rgb(0, 0, 0);\"><span style=\"margin: 0px; padding: 0px; font-weight: bolder;\">Chuẩn Bus</span></span></span></td><td style=\"margin: 0px; border-color: rgb(238, 238, 238); position: relative; width: 609px;\"><span style=\"margin: 0px; padding: 0px; font-size: 16px;\"><span style=\"margin: 0px; padding: 0px; color: rgb(0, 0, 0);\">3200MHz</span></span></td></tr><tr style=\"margin: 0px; padding: 0px;\"><td style=\"margin: 0px; border-color: rgb(238, 238, 238); position: relative; width: 224px; background-color: rgb(247, 247, 247) !important;\"><span style=\"margin: 0px; padding: 0px; font-size: 16px;\"><span style=\"margin: 0px; padding: 0px; color: rgb(0, 0, 0);\"><span style=\"margin: 0px; padding: 0px; font-weight: bolder;\">Kiểu dáng</span></span></span></td><td style=\"margin: 0px; border-color: rgb(238, 238, 238); position: relative; width: 609px;\"><span style=\"margin: 0px; padding: 0px; font-size: 16px;\"><span style=\"margin: 0px; padding: 0px; color: rgb(0, 0, 0);\">DIMM</span></span></td></tr><tr style=\"margin: 0px; padding: 0px;\"><td style=\"margin: 0px; border-color: rgb(238, 238, 238); position: relative; width: 224px; background-color: rgb(247, 247, 247) !important;\"><span style=\"margin: 0px; padding: 0px; font-size: 16px;\"><span style=\"margin: 0px; padding: 0px; color: rgb(0, 0, 0);\"><span style=\"margin: 0px; padding: 0px; font-weight: bolder;\">CAS</span></span></span></td><td style=\"margin: 0px; border-color: rgb(238, 238, 238); position: relative; width: 609px;\"><span style=\"margin: 0px; padding: 0px; font-size: 16px;\"><span style=\"margin: 0px; padding: 0px; color: rgb(0, 0, 0);\">CL18</span></span></td></tr><tr class=\"row-info\" style=\"margin: 0px; padding: 0px;\"><td style=\"margin: 0px; border-color: rgb(238, 238, 238); position: relative; width: 224px; background-color: rgb(247, 247, 247) !important;\"><span style=\"margin: 0px; padding: 0px; font-size: 16px;\"><span style=\"margin: 0px; padding: 0px; color: rgb(0, 0, 0);\"><span style=\"margin: 0px; padding: 0px; font-weight: bolder;\">Đọ trễ</span></span></span></td><td style=\"margin: 0px; border-color: rgb(238, 238, 238); position: relative; width: 609px;\"><span style=\"margin: 0px; padding: 0px; font-size: 16px;\"><span style=\"margin: 0px; padding: 0px; color: rgb(0, 0, 0);\">16-18-18</span></span></td></tr><tr class=\"row-info\" style=\"margin: 0px; padding: 0px;\"><td style=\"margin: 0px; border-color: rgb(238, 238, 238); position: relative; width: 224px; background-color: rgb(247, 247, 247) !important;\"><span style=\"margin: 0px; padding: 0px; font-size: 16px;\"><span style=\"margin: 0px; padding: 0px; color: rgb(0, 0, 0);\"><span style=\"margin: 0px; padding: 0px; font-weight: bolder;\">tRas</span></span></span></td><td style=\"margin: 0px; border-color: rgb(238, 238, 238); position: relative; width: 609px;\"><span style=\"margin: 0px; padding: 0px; font-size: 16px;\"><span style=\"margin: 0px; padding: 0px; color: rgb(0, 0, 0);\">-40<br style=\"margin: 0px; padding: 0px;\">-42</span></span></td></tr><tr class=\"row-info\" style=\"margin: 0px; padding: 0px;\"><td style=\"margin: 0px; border-color: rgb(238, 238, 238); position: relative; width: 224px; background-color: rgb(247, 247, 247) !important;\"><span style=\"margin: 0px; padding: 0px; font-size: 16px;\"><span style=\"margin: 0px; padding: 0px; color: rgb(0, 0, 0);\"><span style=\"margin: 0px; padding: 0px; font-weight: bolder;\">Voltage</span></span></span></td><td style=\"margin: 0px; border-color: rgb(238, 238, 238); position: relative; width: 609px;\"><span style=\"margin: 0px; padding: 0px; font-size: 16px;\"><span style=\"margin: 0px; padding: 0px; color: rgb(0, 0, 0);\">1.35V</span></span></td></tr><tr class=\"row-info\" style=\"margin: 0px; padding: 0px;\"><td style=\"margin: 0px; border-color: rgb(238, 238, 238); position: relative; width: 224px; background-color: rgb(247, 247, 247) !important;\"><span style=\"margin: 0px; padding: 0px; font-size: 16px;\"><span style=\"margin: 0px; padding: 0px; color: rgb(0, 0, 0);\"><span style=\"margin: 0px; padding: 0px; font-weight: bolder;\">ECC</span></span></span></td><td style=\"margin: 0px; border-color: rgb(238, 238, 238); position: relative; width: 609px;\"><span style=\"margin: 0px; padding: 0px; font-size: 16px;\"><span style=\"margin: 0px; padding: 0px; color: rgb(0, 0, 0);\">Không</span></span></td></tr><tr style=\"margin: 0px; padding: 0px;\"><td style=\"margin: 0px; border-color: rgb(238, 238, 238); position: relative; width: 224px; background-color: rgb(247, 247, 247) !important;\"><span style=\"margin: 0px; padding: 0px; font-size: 16px;\"><span style=\"margin: 0px; padding: 0px; color: rgb(0, 0, 0);\"><span style=\"margin: 0px; padding: 0px; font-weight: bolder;\">Hỗ trợ XMP</span></span></span></td><td style=\"margin: 0px; border-color: rgb(238, 238, 238); position: relative; width: 609px;\"><span style=\"margin: 0px; padding: 0px; font-size: 16px;\"><span style=\"margin: 0px; padding: 0px; color: rgb(0, 0, 0);\">Có</span></span></td></tr><tr style=\"margin: 0px; padding: 0px;\"><td style=\"margin: 0px; border-color: rgb(238, 238, 238); position: relative; width: 224px; background-color: rgb(247, 247, 247) !important;\"><span style=\"margin: 0px; padding: 0px; font-size: 16px;\"><span style=\"margin: 0px; padding: 0px; color: rgb(0, 0, 0);\"><span style=\"margin: 0px; padding: 0px; font-weight: bolder;\">Tương thích tốc độ</span></span></span></td><td style=\"margin: 0px; border-color: rgb(238, 238, 238); position: relative; width: 609px;\"><span style=\"margin: 0px; padding: 0px; font-size: 16px;\"><span style=\"margin: 0px; padding: 0px; color: rgb(0, 0, 0);\">2133MHz-3200MHz</span></span></td></tr><tr class=\"row-info\" style=\"margin: 0px; padding: 0px;\"><td style=\"margin: 0px; border-color: rgb(238, 238, 238); position: relative; width: 224px; background-color: rgb(247, 247, 247) !important;\"><span style=\"margin: 0px; padding: 0px; font-size: 16px;\"><span style=\"margin: 0px; padding: 0px; color: rgb(0, 0, 0);\"><span style=\"margin: 0px; padding: 0px; font-weight: bolder;\">Kích thước</span></span></span></td><td style=\"margin: 0px; border-color: rgb(238, 238, 238); position: relative; width: 609px;\"><span style=\"margin: 0px; padding: 0px; font-size: 16px;\"><span style=\"margin: 0px; padding: 0px; color: rgb(0, 0, 0);\">133 x 43 x 8mm</span></span></td></tr><tr style=\"margin: 0px; padding: 0px;\"><td style=\"margin: 0px; border-color: rgb(238, 238, 238); position: relative; width: 224px; background-color: rgb(247, 247, 247) !important;\"><span style=\"margin: 0px; padding: 0px; font-size: 16px;\"><span style=\"margin: 0px; padding: 0px; color: rgb(0, 0, 0);\"><span style=\"margin: 0px; padding: 0px; font-weight: bolder;\">Khả năng tương thích hệ điều hành</span></span></span></td><td style=\"margin: 0px; border-color: rgb(238, 238, 238); position: relative; width: 609px;\"><span style=\"margin: 0px; padding: 0px; font-size: 16px;\"><span style=\"margin: 0px; padding: 0px; color: rgb(0, 0, 0);\">Windows 11 và các phiên bản cũ hơn</span></span></td></tr></tbody></table>', '<br>', '2024-04-14 06:49:56', '2024-04-20 06:28:20'),
(93, 'RAM Corsair Dominator Platinum 64GB (2x32GB) RGB 5600 DDR5 (CMT64GX5M2B5600C40)', 11290000, 19, 1, 45, 'RAM-Corsair-Dominator-Platinum-64GB-(2x32GB)-RGB-5600-DDR5.png', 1, '<table id=\"tblGeneralAttribute\" border=\"1\" cellspacing=\"0\" class=\"mce-item-table table table-bordered\" style=\"font-family: Roboto, sans-serif; margin-top: 0px; margin-right: 0px; margin-left: 0px; padding: 0px; width: 645.325px; border-color: rgb(238, 238, 238); background-color: rgb(255, 255, 255); font-size: 13px; line-height: 20px; min-width: 500px;\"><tbody style=\"font-family: &quot;SF Pro Display&quot;, Arial, sans-serif; margin: 0px; padding: 0px;\"><tr class=\"row-info\" style=\"margin: 0px; padding: 0px;\"><td style=\"margin: 0px; border-color: rgb(238, 238, 238); position: relative; width: 232px; background-color: rgb(247, 247, 247) !important;\"><span style=\"margin: 0px; padding: 0px; font-weight: bolder;\"><span style=\"margin: 0px; padding: 0px; font-size: 15px;\"><span style=\"margin: 0px; padding: 0px; color: rgb(0, 0, 0);\">Fan đi kèm</span></span></span></td><td style=\"margin: 0px; border-color: rgb(238, 238, 238); position: relative; width: 598px;\"><span style=\"margin: 0px; padding: 0px; font-size: 15px;\"><span style=\"margin: 0px; padding: 0px; color: rgb(0, 0, 0);\">Không</span></span></td></tr><tr class=\"row-info\" style=\"margin: 0px; padding: 0px;\"><td style=\"margin: 0px; border-color: rgb(238, 238, 238); position: relative; width: 232px; background-color: rgb(247, 247, 247) !important;\"><span style=\"margin: 0px; padding: 0px; font-weight: bolder;\"><span style=\"margin: 0px; padding: 0px; font-size: 15px;\"><span style=\"margin: 0px; padding: 0px; color: rgb(0, 0, 0);\">Series bộ nhớ</span></span></span></td><td style=\"margin: 0px; border-color: rgb(238, 238, 238); position: relative; width: 598px;\"><span style=\"margin: 0px; padding: 0px; font-size: 15px;\"><span style=\"margin: 0px; padding: 0px; color: rgb(0, 0, 0);\">DOMINATOR RGB DDR5</span></span></td></tr><tr class=\"row-info\" style=\"margin: 0px; padding: 0px;\"><td style=\"margin: 0px; border-color: rgb(238, 238, 238); position: relative; width: 232px; background-color: rgb(247, 247, 247) !important;\"><span style=\"margin: 0px; padding: 0px; font-weight: bolder;\"><span style=\"margin: 0px; padding: 0px; font-size: 15px;\"><span style=\"margin: 0px; padding: 0px; color: rgb(0, 0, 0);\">Loại bộ nhớ</span></span></span></td><td style=\"margin: 0px; border-color: rgb(238, 238, 238); position: relative; width: 598px;\"><span style=\"margin: 0px; padding: 0px; font-size: 15px;\"><span style=\"margin: 0px; padding: 0px; color: rgb(0, 0, 0);\">DDR5</span></span></td></tr><tr class=\"row-info\" style=\"margin: 0px; padding: 0px;\"><td style=\"margin: 0px; border-color: rgb(238, 238, 238); position: relative; width: 232px; background-color: rgb(247, 247, 247) !important;\"><span style=\"margin: 0px; padding: 0px; font-weight: bolder;\"><span style=\"margin: 0px; padding: 0px; font-size: 15px;\"><span style=\"margin: 0px; padding: 0px; color: rgb(0, 0, 0);\">Loại PMIC</span></span></span></td><td style=\"margin: 0px; border-color: rgb(238, 238, 238); position: relative; width: 598px;\"><span style=\"margin: 0px; padding: 0px; font-size: 15px;\"><span style=\"margin: 0px; padding: 0px; color: rgb(0, 0, 0);\">Overclocking PMIC</span></span></td></tr><tr class=\"row-info\" style=\"margin: 0px; padding: 0px;\"><td style=\"margin: 0px; border-color: rgb(238, 238, 238); position: relative; width: 232px; background-color: rgb(247, 247, 247) !important;\"><span style=\"margin: 0px; padding: 0px; font-weight: bolder;\"><span style=\"margin: 0px; padding: 0px; font-size: 15px;\"><span style=\"margin: 0px; padding: 0px; color: rgb(0, 0, 0);\">Dung lượng</span></span></span></td><td style=\"margin: 0px; border-color: rgb(238, 238, 238); position: relative; width: 598px;\"><span style=\"margin: 0px; padding: 0px; font-size: 15px;\"><span style=\"margin: 0px; padding: 0px; color: rgb(0, 0, 0);\">64GB (2 x 32GB)</span></span></td></tr><tr class=\"row-info\" style=\"margin: 0px; padding: 0px;\"><td style=\"margin: 0px; border-color: rgb(238, 238, 238); position: relative; width: 232px; background-color: rgb(247, 247, 247) !important;\"><span style=\"margin: 0px; padding: 0px; font-weight: bolder;\"><span style=\"margin: 0px; padding: 0px; font-size: 15px;\"><span style=\"margin: 0px; padding: 0px; color: rgb(0, 0, 0);\">Độ trễ kiểm chứng</span></span></span></td><td style=\"margin: 0px; border-color: rgb(238, 238, 238); position: relative; width: 598px;\"><span style=\"margin: 0px; padding: 0px; font-size: 15px;\"><span style=\"margin: 0px; padding: 0px; color: rgb(0, 0, 0);\">40-40-40-77</span></span></td></tr><tr class=\"row-info\" style=\"margin: 0px; padding: 0px;\"><td style=\"margin: 0px; border-color: rgb(238, 238, 238); position: relative; width: 232px; background-color: rgb(247, 247, 247) !important;\"><span style=\"margin: 0px; padding: 0px; font-weight: bolder;\"><span style=\"margin: 0px; padding: 0px; font-size: 15px;\"><span style=\"margin: 0px; padding: 0px; color: rgb(0, 0, 0);\">Tốc độ kiểm chứng</span></span></span></td><td style=\"margin: 0px; border-color: rgb(238, 238, 238); position: relative; width: 598px;\"><span style=\"margin: 0px; padding: 0px; font-size: 15px;\"><span style=\"margin: 0px; padding: 0px; color: rgb(0, 0, 0);\">1.25V</span></span></td></tr><tr class=\"row-info\" style=\"margin: 0px; padding: 0px;\"><td style=\"margin: 0px; border-color: rgb(238, 238, 238); position: relative; width: 232px; background-color: rgb(247, 247, 247) !important;\"><span style=\"margin: 0px; padding: 0px; font-weight: bolder;\"><span style=\"margin: 0px; padding: 0px; font-size: 15px;\"><span style=\"margin: 0px; padding: 0px; color: rgb(0, 0, 0);\">Hiệu điện thế kiểm chứng</span></span></span></td><td style=\"margin: 0px; border-color: rgb(238, 238, 238); position: relative; width: 598px;\"><span style=\"margin: 0px; padding: 0px; font-size: 15px;\"><span style=\"margin: 0px; padding: 0px; color: rgb(0, 0, 0);\">5600MHz</span></span></td></tr><tr class=\"row-info\" style=\"margin: 0px; padding: 0px;\"><td style=\"margin: 0px; border-color: rgb(238, 238, 238); position: relative; width: 232px; background-color: rgb(247, 247, 247) !important;\"><span style=\"margin: 0px; padding: 0px; font-weight: bolder;\"><span style=\"margin: 0px; padding: 0px; font-size: 15px;\"><span style=\"margin: 0px; padding: 0px; color: rgb(0, 0, 0);\">Màu sắc</span></span></span></td><td style=\"margin: 0px; border-color: rgb(238, 238, 238); position: relative; width: 598px;\"><span style=\"margin: 0px; padding: 0px; font-size: 15px;\"><span style=\"margin: 0px; padding: 0px; color: rgb(0, 0, 0);\">Đen</span></span></td></tr><tr class=\"row-info\" style=\"margin: 0px; padding: 0px;\"><td style=\"margin: 0px; border-color: rgb(238, 238, 238); position: relative; width: 232px; background-color: rgb(247, 247, 247) !important;\"><span style=\"margin: 0px; padding: 0px; font-weight: bolder;\"><span style=\"margin: 0px; padding: 0px; font-size: 15px;\"><span style=\"margin: 0px; padding: 0px; color: rgb(0, 0, 0);\">Hệ thống đèn LED</span></span></span></td><td style=\"margin: 0px; border-color: rgb(238, 238, 238); position: relative; width: 598px;\"><span style=\"margin: 0px; padding: 0px; font-size: 15px;\"><span style=\"margin: 0px; padding: 0px; color: rgb(0, 0, 0);\">RGB</span></span></td></tr><tr class=\"row-info\" style=\"margin: 0px; padding: 0px;\"><td style=\"margin: 0px; border-color: rgb(238, 238, 238); position: relative; width: 232px; background-color: rgb(247, 247, 247) !important;\"><span style=\"margin: 0px; padding: 0px; font-weight: bolder;\"><span style=\"margin: 0px; padding: 0px; font-size: 15px;\"><span style=\"margin: 0px; padding: 0px; color: rgb(0, 0, 0);\">Đèn đơn vùng/đa vùng</span></span></span></td><td style=\"margin: 0px; border-color: rgb(238, 238, 238); position: relative; width: 598px;\"><span style=\"margin: 0px; padding: 0px; font-size: 15px;\"><span style=\"margin: 0px; padding: 0px; color: rgb(0, 0, 0);\">Dynamic đa vùng</span></span></td></tr><tr class=\"row-info\" style=\"margin: 0px; padding: 0px;\"><td style=\"margin: 0px; border-color: rgb(238, 238, 238); position: relative; width: 232px; background-color: rgb(247, 247, 247) !important;\"><span style=\"margin: 0px; padding: 0px; font-weight: bolder;\"><span style=\"margin: 0px; padding: 0px; font-size: 15px;\"><span style=\"margin: 0px; padding: 0px; color: rgb(0, 0, 0);\">Độ trễ SPD</span></span></span></td><td style=\"margin: 0px; border-color: rgb(238, 238, 238); position: relative; width: 598px;\"><span style=\"margin: 0px; padding: 0px; font-size: 15px;\"><span style=\"margin: 0px; padding: 0px; color: rgb(0, 0, 0);\">40-40-40-77</span></span></td></tr><tr class=\"row-info\" style=\"margin: 0px; padding: 0px;\"><td style=\"margin: 0px; border-color: rgb(238, 238, 238); position: relative; width: 232px; background-color: rgb(247, 247, 247) !important;\"><span style=\"margin: 0px; padding: 0px; font-weight: bolder;\"><span style=\"margin: 0px; padding: 0px; font-size: 15px;\"><span style=\"margin: 0px; padding: 0px; color: rgb(0, 0, 0);\">Tốc độ SPD</span></span></span></td><td style=\"margin: 0px; border-color: rgb(238, 238, 238); position: relative; width: 598px;\"><span style=\"margin: 0px; padding: 0px; font-size: 15px;\"><span style=\"margin: 0px; padding: 0px; color: rgb(0, 0, 0);\">4800MHz</span></span></td></tr><tr class=\"row-info\" style=\"margin: 0px; padding: 0px;\"><td style=\"margin: 0px; border-color: rgb(238, 238, 238); position: relative; width: 232px; background-color: rgb(247, 247, 247) !important;\"><span style=\"margin: 0px; padding: 0px; font-weight: bolder;\"><span style=\"margin: 0px; padding: 0px; font-size: 15px;\"><span style=\"margin: 0px; padding: 0px; color: rgb(0, 0, 0);\">Hiệu điện thế SPD</span></span></span></td><td style=\"margin: 0px; border-color: rgb(238, 238, 238); position: relative; width: 598px;\"><span style=\"margin: 0px; padding: 0px; font-size: 15px;\"><span style=\"margin: 0px; padding: 0px; color: rgb(0, 0, 0);\">1.1V</span></span></td></tr><tr class=\"row-info\" style=\"margin: 0px; padding: 0px;\"><td style=\"margin: 0px; border-color: rgb(238, 238, 238); position: relative; width: 232px; background-color: rgb(247, 247, 247) !important;\"><span style=\"margin: 0px; padding: 0px; font-weight: bolder;\"><span style=\"margin: 0px; padding: 0px; font-size: 15px;\"><span style=\"margin: 0px; padding: 0px; color: rgb(0, 0, 0);\">Tốc độ rating</span></span></span></td><td style=\"margin: 0px; border-color: rgb(238, 238, 238); position: relative; width: 598px;\"><span style=\"margin: 0px; padding: 0px; font-size: 15px;\"><span style=\"margin: 0px; padding: 0px; color: rgb(0, 0, 0);\">PC5-41600 (DDR5-5200)</span></span></td></tr><tr style=\"margin: 0px; padding: 0px;\"><td style=\"margin: 0px; border-color: rgb(238, 238, 238); position: relative; width: 232px; background-color: rgb(247, 247, 247) !important;\"><span style=\"margin: 0px; padding: 0px; font-weight: bolder;\"><span style=\"margin: 0px; padding: 0px; font-size: 15px;\"><span style=\"margin: 0px; padding: 0px; color: rgb(0, 0, 0);\">Tương thích&nbsp;</span></span></span></td><td style=\"margin: 0px; border-color: rgb(238, 238, 238); position: relative; width: 598px;\"><span style=\"margin: 0px; padding: 0px; font-size: 15px;\"><span style=\"margin: 0px; padding: 0px; color: rgb(0, 0, 0);\">Intel 600 Series</span></span></td></tr><tr style=\"margin: 0px; padding: 0px;\"><td style=\"margin: 0px; border-color: rgb(238, 238, 238); position: relative; width: 232px; background-color: rgb(247, 247, 247) !important;\"><span style=\"margin: 0px; padding: 0px; font-weight: bolder;\"><span style=\"margin: 0px; padding: 0px; font-size: 15px;\"><span style=\"margin: 0px; padding: 0px; color: rgb(0, 0, 0);\">Truyền nhiệt</span></span></span></td><td style=\"margin: 0px; border-color: rgb(238, 238, 238); position: relative; width: 598px;\"><span style=\"margin: 0px; padding: 0px; color: rgb(0, 0, 0);\"><span style=\"margin: 0px; padding: 0px; font-size: 15px;\">Anodized Aluminum</span></span></td></tr><tr style=\"margin: 0px; padding: 0px;\"><td style=\"margin: 0px; border-color: rgb(238, 238, 238); position: relative; width: 232px; background-color: rgb(247, 247, 247) !important;\"><span style=\"margin: 0px; padding: 0px; font-weight: bolder;\"><span style=\"margin: 0px; padding: 0px; font-size: 15px;\"><span style=\"margin: 0px; padding: 0px; color: rgb(0, 0, 0);\">Hình thức bộ nhớ</span></span></span></td><td style=\"margin: 0px; border-color: rgb(238, 238, 238); position: relative; width: 598px;\"><span style=\"margin: 0px; padding: 0px; font-size: 15px;\"><span style=\"margin: 0px; padding: 0px; color: rgb(0, 0, 0);\">DIMM</span></span></td></tr><tr style=\"margin: 0px; padding: 0px;\"><td style=\"margin: 0px; border-color: rgb(238, 238, 238); position: relative; width: 232px; background-color: rgb(247, 247, 247) !important;\"><span style=\"margin: 0px; padding: 0px; font-weight: bolder;\"><span style=\"margin: 0px; padding: 0px; font-size: 15px;\"><span style=\"margin: 0px; padding: 0px; color: rgb(0, 0, 0);\">Hiệu suất</span></span></span></td><td style=\"margin: 0px; border-color: rgb(238, 238, 238); position: relative; width: 598px;\"><span style=\"margin: 0px; padding: 0px; font-size: 15px;\"><span style=\"margin: 0px; padding: 0px; color: rgb(0, 0, 0);\">XMP 3.0</span></span></td></tr><tr style=\"margin: 0px; padding: 0px;\"><td style=\"margin: 0px; border-color: rgb(238, 238, 238); position: relative; width: 232px; background-color: rgb(247, 247, 247) !important;\"><span style=\"margin: 0px; padding: 0px; font-weight: bolder;\"><span style=\"margin: 0px; padding: 0px; font-size: 15px;\"><span style=\"margin: 0px; padding: 0px; color: rgb(0, 0, 0);\">Pin</span></span></span></td><td style=\"margin: 0px; border-color: rgb(238, 238, 238); position: relative; width: 598px;\"><span style=\"margin: 0px; padding: 0px; font-size: 15px;\"><span style=\"margin: 0px; padding: 0px; color: rgb(0, 0, 0);\">288</span></span></td></tr></tbody></table>', '<br>', '2024-04-14 06:52:43', '2024-04-20 06:28:20'),
(94, 'Bo mạch chủ ASUS TUF GAMING X570-PLUS WI-FI', 5870000, 0, 1, 28, 'Mainboard-ASUS-TUF-GAMING-X570-PLUS-WI-FI.png', 2, '', '<br>', '2024-04-14 07:15:24', '2024-04-20 07:00:18');
INSERT INTO `product` (`id`, `name`, `price`, `sale`, `pay`, `number`, `thumbal`, `category_id`, `content`, `chitietsp`, `create_at`, `update_at`) VALUES
(95, 'Bo mạch chủ GIGABYTE B560M Aorus Pro', 3900000, 25, 0, 24, 'MainBoard-GIGABYTE-B560M-Aorus-Pro.png', 2, '<table id=\"tblGeneralAttribute\" border=\"1\" cellpadding=\"3\" cellspacing=\"0\" class=\"table table-bordered\" style=\"font-family: Roboto, sans-serif; margin-top: 0px; margin-right: auto; margin-left: auto; padding: 0px; width: 645.325px; border-color: rgb(238, 238, 238); background-color: rgb(255, 255, 255); font-size: 13px; line-height: 20px; min-width: 500px;\"><tbody style=\"font-family: &quot;SF Pro Display&quot;, Arial, sans-serif; margin: 0px; padding: 0px;\"><tr class=\"row-info\" style=\"margin: 0px; padding: 0px;\"><td style=\"margin: 0px; border-color: rgb(238, 238, 238); position: relative; height: 36px; width: 684px; background-color: rgb(247, 247, 247) !important;\"><span style=\"margin: 0px; padding: 0px; font-size: 16px;\"><span style=\"margin: 0px; padding: 0px; font-weight: bolder;\">Hãng sản xuất:</span></span></td><td style=\"margin: 0px; border-color: rgb(238, 238, 238); position: relative; height: 36px; width: 1160px;\"><span style=\"margin: 0px; padding: 0px; font-size: 16px;\">GIGABYTE</span></td></tr><tr class=\"row-info\" style=\"margin: 0px; padding: 0px;\"><td style=\"margin: 0px; border-color: rgb(238, 238, 238); position: relative; height: 36px; width: 684px; background-color: rgb(247, 247, 247) !important;\"><span style=\"margin: 0px; padding: 0px; font-size: 16px;\"><span style=\"margin: 0px; padding: 0px; font-weight: bolder;\">Bảo hành:</span></span></td><td style=\"margin: 0px; border-color: rgb(238, 238, 238); position: relative; height: 36px; width: 1160px;\"><span style=\"margin: 0px; padding: 0px; font-size: 16px;\">36 tháng</span></td></tr><tr class=\"row-info\" style=\"margin: 0px; padding: 0px;\"><td style=\"margin: 0px; border-color: rgb(238, 238, 238); position: relative; height: 36px; width: 684px; background-color: rgb(247, 247, 247) !important;\"><span style=\"margin: 0px; padding: 0px; font-size: 16px;\"><span style=\"margin: 0px; padding: 0px; font-weight: bolder;\">Model:</span></span></td><td style=\"margin: 0px; border-color: rgb(238, 238, 238); position: relative; height: 36px; width: 1160px;\"><span style=\"margin: 0px; padding: 0px; font-size: 16px;\">GIGABYTE B560M AORUS PRO (rev. 1.0)</span></td></tr><tr style=\"margin: 0px; padding: 0px;\"><td style=\"margin: 0px; border-color: rgb(238, 238, 238); position: relative; height: 36px; width: 684px; background-color: rgb(247, 247, 247) !important;\"><span style=\"margin: 0px; padding: 0px; font-size: 16px;\"><span style=\"margin: 0px; padding: 0px; font-weight: bolder;\">CPU:</span></span></td><td style=\"margin: 0px; border-color: rgb(238, 238, 238); position: relative; height: 36px; width: 1160px;\"><span style=\"margin: 0px; padding: 0px; font-size: 16px;\">LGA1200 package:<br style=\"margin: 0px; padding: 0px;\">11th Generation Intel<span style=\"margin: 0px; padding: 0px; position: relative; font-size: 12px; line-height: 0; vertical-align: baseline; top: -0.5em;\">®</span>&nbsp;Core™ i9 processors / Intel<span style=\"margin: 0px; padding: 0px; position: relative; font-size: 12px; line-height: 0; vertical-align: baseline; top: -0.5em;\">®</span>&nbsp;Core™ i7 processors / Intel<span style=\"margin: 0px; padding: 0px; position: relative; font-size: 12px; line-height: 0; vertical-align: baseline; top: -0.5em;\">®</span>&nbsp;Core™ i5 processors<br style=\"margin: 0px; padding: 0px;\">10th Generation Intel<span style=\"margin: 0px; padding: 0px; position: relative; font-size: 12px; line-height: 0; vertical-align: baseline; top: -0.5em;\">®</span>&nbsp;Core™ i9 processors / Intel<span style=\"margin: 0px; padding: 0px; position: relative; font-size: 12px; line-height: 0; vertical-align: baseline; top: -0.5em;\">®</span>&nbsp;Core™ i7 processors / Intel<span style=\"margin: 0px; padding: 0px; position: relative; font-size: 12px; line-height: 0; vertical-align: baseline; top: -0.5em;\">®</span>&nbsp;Core™ i5 processors / Intel<span style=\"margin: 0px; padding: 0px; position: relative; font-size: 12px; line-height: 0; vertical-align: baseline; top: -0.5em;\">®</span>&nbsp;Core™ i3 processors/ Intel<span style=\"margin: 0px; padding: 0px; position: relative; font-size: 12px; line-height: 0; vertical-align: baseline; top: -0.5em;\">®</span>&nbsp;Pentium<span style=\"margin: 0px; padding: 0px; position: relative; font-size: 12px; line-height: 0; vertical-align: baseline; top: -0.5em;\">®</span>&nbsp;processors / Intel<span style=\"margin: 0px; padding: 0px; position: relative; font-size: 12px; line-height: 0; vertical-align: baseline; top: -0.5em;\">®</span>&nbsp;Celeron<span style=\"margin: 0px; padding: 0px; position: relative; font-size: 12px; line-height: 0; vertical-align: baseline; top: -0.5em;\">®</span>&nbsp;processors<br style=\"margin: 0px; padding: 0px;\">L3 cache varies with CPU</span></td></tr><tr class=\"row-info\" style=\"margin: 0px; padding: 0px;\"><td style=\"margin: 0px; border-color: rgb(238, 238, 238); position: relative; height: 8px; width: 684px; background-color: rgb(247, 247, 247) !important;\"><span style=\"margin: 0px; padding: 0px; font-size: 16px;\"><span style=\"margin: 0px; padding: 0px; font-weight: bolder;\">Chipset:</span></span></td><td style=\"margin: 0px; border-color: rgb(238, 238, 238); position: relative; height: 8px; width: 1160px;\"><span style=\"margin: 0px; padding: 0px; font-size: 16px;\">Intel®&nbsp;B560 Express Chipset</span></td></tr><tr style=\"margin: 0px; padding: 0px;\"><td style=\"margin: 0px; border-color: rgb(238, 238, 238); position: relative; height: 8px; width: 684px; background-color: rgb(247, 247, 247) !important;\"><span style=\"margin: 0px; padding: 0px; font-size: 16px;\"><span style=\"margin: 0px; padding: 0px; font-weight: bolder;\">Bộ nhớ:</span></span></td><td style=\"margin: 0px; border-color: rgb(238, 238, 238); position: relative; height: 8px; width: 1160px;\"><span style=\"margin: 0px; padding: 0px; font-size: 16px;\">11th Generation Intel<span style=\"margin: 0px; padding: 0px; position: relative; font-size: 12px; line-height: 0; vertical-align: baseline; top: -0.5em;\">®</span>&nbsp;Core™ i9/i7/i5 processors: Support for DDR4 3200/3000/2933/2666/2400/2133 MHz memory modules<br style=\"margin: 0px; padding: 0px;\">10th Generation Intel<span style=\"margin: 0px; padding: 0px; position: relative; font-size: 12px; line-height: 0; vertical-align: baseline; top: -0.5em;\">®</span>&nbsp;Core™ i9/i7 processors: Support for DDR4 2933/2666/2400/2133 MHz memory modules<br style=\"margin: 0px; padding: 0px;\">10th Generation Intel<span style=\"margin: 0px; padding: 0px; position: relative; font-size: 12px; line-height: 0; vertical-align: baseline; top: -0.5em;\">®</span>&nbsp;Core™ i5/i3 /Pentium<span style=\"margin: 0px; padding: 0px; position: relative; font-size: 12px; line-height: 0; vertical-align: baseline; top: -0.5em;\">®</span>/Celeron<span style=\"margin: 0px; padding: 0px; position: relative; font-size: 12px; line-height: 0; vertical-align: baseline; top: -0.5em;\">®</span>&nbsp;processors: Support for DDR4 2666/2400/2133 MHz memory modules<br style=\"margin: 0px; padding: 0px;\">4 x DDR4 DIMM sockets supporting up to 128 GB (32 GB single DIMM capacity) of system memory<br style=\"margin: 0px; padding: 0px;\">Dual channel memory architecture<br style=\"margin: 0px; padding: 0px;\">Support for ECC Un-buffered DIMM 1Rx8/2Rx8 memory modules (operate in non-ECC mode)<br style=\"margin: 0px; padding: 0px;\">Support for non-ECC Un-buffered DIMM 1Rx8/2Rx8/1Rx16 memory modules<br style=\"margin: 0px; padding: 0px;\">Support for Extreme Memory Profile (XMP) memory modules</span></td></tr></tbody></table>', '<br>', '2024-04-14 07:22:38', '2024-04-14 07:22:38'),
(96, 'PC Homework R3 4300G', 6100000, 4, 0, 14, 'PC-Homework-R3-4300G.png', 10, '<table id=\"tblGeneralAttribute\" border=\"1\" cellpadding=\"3\" cellspacing=\"0\" class=\"table table-bordered\" style=\"font-family: Roboto, sans-serif; margin-top: 0px; margin-right: auto; margin-left: auto; padding: 0px; width: 645.325px; border-color: rgb(238, 238, 238); background-color: rgb(255, 255, 255); font-size: 13px; line-height: 20px; min-width: 500px;\"><tbody style=\"font-family: \" sf=\"\" pro=\"\" display\",=\"\" arial,=\"\" sans-serif;=\"\" margin:=\"\" 0px;=\"\" padding:=\"\" 0px;\"=\"\"><tr class=\"row-info\" style=\"margin: 0px; padding: 0px;\"><td style=\"margin: 0px; border-color: rgb(238, 238, 238); position: relative; width: 94px; background-color: rgb(247, 247, 247) !important;\"><span style=\"margin: 0px; padding: 0px; font-size: 16px;\">Mainboard</span></td><td style=\"margin: 0px; border-color: rgb(238, 238, 238); position: relative; width: 608px;\"><span style=\"margin: 0px; padding: 0px; font-size: 16px;\"><font color=\"#428bca\"><span style=\"outline-color: initial; outline-width: initial; transition-duration: 0.2s; transition-timing-function: ease-in-out; transition-property: all;\">ASUS PRIME A520M-K</span></font></span></td></tr><tr class=\"row-info\" style=\"margin: 0px; padding: 0px;\"><td style=\"margin: 0px; border-color: rgb(238, 238, 238); position: relative; width: 94px; background-color: rgb(247, 247, 247) !important;\"><span style=\"margin: 0px; padding: 0px; font-size: 16px;\"><font color=\"#428bca\"><span style=\"outline-color: initial; outline-width: initial; transition-duration: 0.2s; transition-timing-function: ease-in-out; transition-property: all;\">CPU</span></font></span></td><td style=\"margin: 0px; border-color: rgb(238, 238, 238); position: relative; width: 608px;\"><span style=\"margin: 0px; padding: 0px; font-size: 16px;\"><font color=\"#428bca\"><span style=\"outline-color: initial; outline-width: initial; transition-duration: 0.2s; transition-timing-function: ease-in-out; transition-property: all;\">AMD Ryzen 3 4300G / 3.8GHz Boost 4.0GHz / 4 nhân 8 luồng / 6MB / AM4</span></font></span></td></tr><tr style=\"margin: 0px; padding: 0px;\"><td style=\"margin: 0px; border-color: rgb(238, 238, 238); position: relative; width: 94px; background-color: rgb(247, 247, 247) !important;\"><span style=\"margin: 0px; padding: 0px; font-size: 16px;\"><span style=\"margin: 0px; padding: 0px; color: rgb(0, 0, 0); outline: none; transition: all 0.2s ease-in-out 0s;\">RAM</span></span></td><td style=\"margin: 0px; border-color: rgb(238, 238, 238); position: relative; width: 608px;\"><span style=\"margin: 0px; padding: 0px; font-size: 16px;\"><font color=\"#428bca\"><span style=\"outline-color: initial; outline-width: initial; transition-duration: 0.2s; transition-timing-function: ease-in-out; transition-property: all;\">Kingston Fury Beast Black 8GB 3200 DDR4 (KF432C16BB/8)</span></font></span></td></tr><tr class=\"row-info\" style=\"margin: 0px; padding: 0px;\"><td style=\"margin: 0px; border-color: rgb(238, 238, 238); position: relative; width: 94px; background-color: rgb(247, 247, 247) !important;\"><span style=\"margin: 0px; padding: 0px; font-size: 16px;\">HDD</span></td><td style=\"margin: 0px; border-color: rgb(238, 238, 238); position: relative; width: 608px;\"><span style=\"margin: 0px; padding: 0px; font-size: 16px;\">Có thể tùy chọn <font color=\"#428bca\"><span style=\"outline-color: initial; outline-width: initial; transition-duration: 0.2s; transition-timing-function: ease-in-out; transition-property: all;\">Nâng cấp</span></font></span></td></tr><tr class=\"row-info\" style=\"margin: 0px; padding: 0px;\"><td style=\"margin: 0px; border-color: rgb(238, 238, 238); position: relative; width: 94px; background-color: rgb(247, 247, 247) !important;\"><span style=\"margin: 0px; padding: 0px; font-size: 16px;\">SSD</span></td><td style=\"margin: 0px; border-color: rgb(238, 238, 238); position: relative; width: 608px;\"><span style=\"margin: 0px; padding: 0px; font-size: 16px;\"><font color=\"#428bca\"><span style=\"outline-color: initial; outline-width: initial; transition-duration: 0.2s; transition-timing-function: ease-in-out; transition-property: all;\">Verbatim Vi550 256GB Sata3</span></font></span></td></tr><tr class=\"row-info\" style=\"margin: 0px; padding: 0px;\"><td style=\"margin: 0px; border-color: rgb(238, 238, 238); position: relative; width: 94px; background-color: rgb(247, 247, 247) !important;\"><span style=\"margin: 0px; padding: 0px; font-size: 16px;\"><font color=\"#428bca\"><span style=\"outline-color: initial; outline-width: initial; transition-duration: 0.2s; transition-timing-function: ease-in-out; transition-property: all;\">PSU</span></font></span></td><td style=\"margin: 0px; border-color: rgb(238, 238, 238); position: relative; width: 608px;\"><span style=\"margin: 0px; padding: 0px; font-size: 16px;\"><font color=\"#428bca\"><span style=\"outline-color: initial; outline-width: initial; transition-duration: 0.2s; transition-timing-function: ease-in-out; transition-property: all;\">Jetek 350W Elite V2</span></font></span></td></tr><tr class=\"row-info\" style=\"margin: 0px; padding: 0px;\"><td style=\"margin: 0px; border-color: rgb(238, 238, 238); position: relative; width: 94px; background-color: rgb(247, 247, 247) !important;\"><span style=\"margin: 0px; padding: 0px; font-size: 16px;\"><font color=\"#428bca\"><span style=\"outline-color: initial; outline-width: initial; transition-duration: 0.2s; transition-timing-function: ease-in-out; transition-property: all;\">Case</span></font></span></td><td style=\"margin: 0px; border-color: rgb(238, 238, 238); position: relative; width: 608px;\"><span style=\"margin: 0px; padding: 0px; font-size: 16px;\"><font color=\"#428bca\"><span style=\"outline-color: initial; outline-width: initial; transition-duration: 0.2s; transition-timing-function: ease-in-out; transition-property: all;\">Jetek EM4</span></font></span></td></tr></tbody></table>', '<br>', '2024-04-20 10:58:33', '2024-04-20 11:03:26'),
(97, 'PC Intel i9-14900K/ VGA RTX 4070 Ti', 84200000, 10, 0, 7, 'PC-GVN-Intel-i9-14900K-VGA-RTX-4070-Ti.png', 9, '<table id=\"tblGeneralAttribute\" border=\"1\" cellpadding=\"3\" cellspacing=\"0\" class=\"table table-bordered\" style=\"font-family: Roboto, sans-serif; margin-top: 0px; margin-right: auto; margin-left: auto; padding: 0px; width: 645.325px; border-color: rgb(238, 238, 238); background-color: rgb(255, 255, 255); font-size: 13px; height: 20px; min-width: 500px;\"><tbody style=\"font-family: \" sf=\"\" pro=\"\" display\",=\"\" arial,=\"\" sans-serif;=\"\" margin:=\"\" 0px;=\"\" padding:=\"\" 0px;\"=\"\"><tr class=\"row-info\" style=\"margin: 0px; padding: 0px;\"><td style=\"margin: 0px; border-color: rgb(238, 238, 238); position: relative; width: 98px; background-color: rgb(247, 247, 247) !important;\"><span style=\"margin: 0px; padding: 0px; font-size: 16px;\"><span style=\"margin: 0px; padding: 0px; font-weight: bolder;\">Mainboard </span></span></td><td style=\"margin: 0px; border-color: rgb(238, 238, 238); position: relative; width: 629px;\"><span style=\"margin: 0px; padding: 0px; font-size: 16px;\"><span style=\"margin: 0px; padding: 0px; font-weight: bolder;\"><font color=\"#428bca\"><span style=\"outline-color: initial; outline-width: initial; transition-duration: 0.2s; transition-timing-function: ease-in-out; transition-property: all;\">ASUS ROG Strix Z790-A GAMING WIFI II DDR5</span></font></span></span></td></tr><tr class=\"row-info\" style=\"margin: 0px; padding: 0px;\"><td style=\"margin: 0px; border-color: rgb(238, 238, 238); position: relative; width: 98px; background-color: rgb(247, 247, 247) !important;\"><span style=\"margin: 0px; padding: 0px; font-size: 16px;\"><span style=\"margin: 0px; padding: 0px; font-weight: bolder;\">CPU </span></span></td><td style=\"margin: 0px; border-color: rgb(238, 238, 238); position: relative; width: 629px;\"><span style=\"margin: 0px; padding: 0px; font-size: 16px;\"><span style=\"margin: 0px; padding: 0px; font-weight: bolder;\"><font color=\"#428bca\"><span style=\"outline-color: initial; outline-width: initial; transition-duration: 0.2s; transition-timing-function: ease-in-out; transition-property: all;\">Intel Core i9 14900K / 4.4GHz Turbo 6.0GHz / 24 Nhân 32 Luồng / 36MB / LGA 1700</span></font></span></span></td></tr><tr class=\"row-info\" style=\"margin: 0px; padding: 0px;\"><td style=\"margin: 0px; border-color: rgb(238, 238, 238); position: relative; width: 98px; background-color: rgb(247, 247, 247) !important;\"><span style=\"margin: 0px; padding: 0px; font-size: 16px;\"><span style=\"margin: 0px; padding: 0px; font-weight: bolder;\">RAM </span></span></td><td style=\"margin: 0px; border-color: rgb(238, 238, 238); position: relative; width: 629px;\"><span style=\"margin: 0px; padding: 0px; font-size: 16px;\"><span style=\"margin: 0px; padding: 0px; font-weight: bolder;\"><font color=\"#428bca\"><span style=\"outline-color: initial; outline-width: initial; transition-duration: 0.2s; transition-timing-function: ease-in-out; transition-property: all;\">Corsair Vengeance RGB White 32GB (2x16GB) 5600 DDR5</span></font></span></span></td></tr><tr class=\"row-info\" style=\"margin: 0px; padding: 0px;\"><td style=\"margin: 0px; border-color: rgb(238, 238, 238); position: relative; width: 98px; background-color: rgb(247, 247, 247) !important;\"><span style=\"margin: 0px; padding: 0px; font-size: 16px;\"><span style=\"margin: 0px; padding: 0px; font-weight: bolder;\">VGA </span></span></td><td style=\"margin: 0px; border-color: rgb(238, 238, 238); position: relative; width: 629px;\"><span style=\"margin: 0px; padding: 0px; font-size: 16px;\"><span style=\"margin: 0px; padding: 0px; font-weight: bolder;\"><font color=\"#428bca\"><span style=\"outline-color: initial; outline-width: initial; transition-duration: 0.2s; transition-timing-function: ease-in-out; transition-property: all;\">ASUS TUF Gaming GeForce RTX 4070 Ti White OC Edition 12GB</span></font></span></span></td></tr><tr style=\"margin: 0px; padding: 0px;\"><td style=\"margin: 0px; border-color: rgb(238, 238, 238); position: relative; width: 98px; background-color: rgb(247, 247, 247) !important;\"><span style=\"margin: 0px; padding: 0px; font-weight: bolder;\"><span style=\"margin: 0px; padding: 0px; font-size: 16px;\">SSD</span></span></td><td style=\"margin: 0px; border-color: rgb(238, 238, 238); position: relative; width: 629px;\"><span style=\"margin: 0px; padding: 0px; font-size: 16px;\"><span style=\"margin: 0px; padding: 0px; font-weight: bolder;\"><font color=\"#428bca\"><span style=\"outline-color: initial; outline-width: initial; transition-duration: 0.2s; transition-timing-function: ease-in-out; transition-property: all;\">SSD WD Black SN770 500G M.2 NVMe PCIe Gen4</span></font></span></span></td></tr><tr class=\"row-info\" style=\"margin: 0px; padding: 0px;\"><td style=\"margin: 0px; border-color: rgb(238, 238, 238); position: relative; width: 98px; background-color: rgb(247, 247, 247) !important;\"><span style=\"margin: 0px; padding: 0px; font-size: 16px;\"><span style=\"margin: 0px; padding: 0px; font-weight: bolder;\">HDD</span></span></td><td style=\"margin: 0px; border-color: rgb(238, 238, 238); position: relative; width: 629px;\"><span style=\"margin: 0px; padding: 0px; font-size: 16px;\"><span style=\"margin: 0px; padding: 0px; font-weight: bolder;\">Tùy chọn <font color=\"#428bca\"><span style=\"outline-color: initial; outline-width: initial; transition-duration: 0.2s; transition-timing-function: ease-in-out; transition-property: all;\">nâng cấp</span></font></span></span></td></tr><tr class=\"row-info\" style=\"margin: 0px; padding: 0px;\"><td style=\"margin: 0px; border-color: rgb(238, 238, 238); position: relative; width: 98px; background-color: rgb(247, 247, 247) !important;\"><span style=\"margin: 0px; padding: 0px; font-size: 16px;\"><span style=\"margin: 0px; padding: 0px; font-weight: bolder;\">PSU </span></span></td><td style=\"margin: 0px; border-color: rgb(238, 238, 238); position: relative; width: 629px;\"><span style=\"margin: 0px; padding: 0px; font-size: 16px;\"><span style=\"margin: 0px; padding: 0px; font-weight: bolder;\"><font color=\"#428bca\"><span style=\"outline-color: initial; outline-width: initial; transition-duration: 0.2s; transition-timing-function: ease-in-out; transition-property: all;\">Corsair RM1000e ATX 3.0 - 80 Plus Gold - Full Modular (1000W)</span></font></span></span></td></tr><tr class=\"row-info\" style=\"margin: 0px; padding: 0px;\"><td style=\"margin: 0px; border-color: rgb(238, 238, 238); position: relative; width: 98px; background-color: rgb(247, 247, 247) !important;\"><span style=\"margin: 0px; padding: 0px; font-size: 16px;\"><span style=\"margin: 0px; padding: 0px; font-weight: bolder;\">CASE</span></span></td><td style=\"margin: 0px; border-color: rgb(238, 238, 238); position: relative; width: 629px;\"><span style=\"margin: 0px; padding: 0px; font-size: 16px;\"><span style=\"margin: 0px; padding: 0px; font-weight: bolder;\"><font color=\"#428bca\"><span style=\"outline-color: initial; outline-width: initial; transition-duration: 0.2s; transition-timing-function: ease-in-out; transition-property: all;\">ASUS ROG Hyperion GR701 White</span></font> </span></span></td></tr><tr style=\"margin: 0px; padding: 0px;\"><td style=\"margin: 0px; border-color: rgb(238, 238, 238); position: relative; width: 98px; background-color: rgb(247, 247, 247) !important;\"><span style=\"margin: 0px; padding: 0px; font-weight: bolder;\"><span style=\"margin: 0px; padding: 0px; font-size: 16px;\">COOLING</span></span></td><td style=\"margin: 0px; border-color: rgb(238, 238, 238); position: relative; width: 629px;\"><span style=\"margin: 0px; padding: 0px; font-weight: bolder;\"><span style=\"margin: 0px; padding: 0px; font-size: 16px;\"><font color=\"#428bca\"><span style=\"outline-color: initial; outline-width: initial; transition-duration: 0.2s; transition-timing-function: ease-in-out; transition-property: all;\">ASUS ROG RYUJIN III 360 ARGB White Edition</span></font></span></span></td></tr></tbody></table>', '<br>', '2024-04-20 11:01:40', '2024-04-20 11:02:40'),
(98, 'Laptop Lenovo V14 G4 IAH 83FR000UVN', 17290000, 19, 0, 12, 'Laptop-Lenovo-V14-G4-IAH-83FR000UVN.png', 8, '<table border=\"1\" cellspacing=\"0\" class=\"mce-item-table table table-bordered\" style=\"font-family: Roboto, sans-serif; margin-top: 0px; margin-right: 0px; margin-left: 0px; padding: 0px; width: 645.325px; border-color: rgb(238, 238, 238); background-color: rgb(255, 255, 255); font-size: 13px; line-height: 20px; min-width: 500px;\"><tbody style=\"font-family: &quot;SF Pro Display&quot;, Arial, sans-serif; margin: 0px; padding: 0px;\"><tr class=\"row-info\" style=\"margin: 0px; padding: 0px;\"><td style=\"margin: 0px; border-color: rgb(238, 238, 238); position: relative; width: 137px; background-color: rgb(247, 247, 247) !important;\"><span style=\"margin: 0px; padding: 0px; font-size: 18px;\"><span style=\"margin: 0px; padding: 0px; font-weight: bolder;\"><font color=\"#428bca\"><span style=\"outline-color: initial; outline-width: initial; transition-duration: 0.2s; transition-timing-function: ease-in-out; transition-property: all;\">CPU</span></font></span></span></td><td style=\"margin: 0px; border-color: rgb(238, 238, 238); position: relative; width: 713px;\"><span style=\"margin: 0px; padding: 0px; font-size: 18px;\"><span style=\"margin: 0px; padding: 0px; color: rgb(0, 0, 0);\">Intel® Core™ i5-12500H, 12C (4P + 8E) / 16T, P-core 2.5 / 4.5GHz, E-core 1.8 / 3.3GHz, 18MB</span></span></td></tr><tr class=\"row-info\" style=\"margin: 0px; padding: 0px;\"><td style=\"margin: 0px; border-color: rgb(238, 238, 238); position: relative; width: 137px; background-color: rgb(247, 247, 247) !important;\"><span style=\"margin: 0px; padding: 0px; font-size: 18px;\"><span style=\"margin: 0px; padding: 0px; font-weight: bolder;\"><font color=\"#428bca\"><span style=\"outline-color: initial; outline-width: initial; transition-duration: 0.2s; transition-timing-function: ease-in-out; transition-property: all;\">Ram</span></font></span></span></td><td style=\"margin: 0px; border-color: rgb(238, 238, 238); position: relative; width: 713px;\"><span style=\"margin: 0px; padding: 0px; font-size: 18px;\"><span style=\"margin: 0px; padding: 0px; color: rgb(0, 0, 0);\">16GB DDR4 3200MHz (8GB onboard + 8GB SO-DIMM Slot)</span></span></td></tr><tr class=\"row-info\" style=\"margin: 0px; padding: 0px;\"><td style=\"margin: 0px; border-color: rgb(238, 238, 238); position: relative; width: 137px; background-color: rgb(247, 247, 247) !important;\"><span style=\"margin: 0px; padding: 0px; font-size: 18px;\"><span style=\"margin: 0px; padding: 0px; color: rgb(66, 139, 202); outline: none; transition: all 0.2s ease-in-out 0s; font-weight: bolder;\">Ổ cứng</span></span></td><td style=\"margin: 0px; border-color: rgb(238, 238, 238); position: relative; width: 713px;\"><span style=\"margin: 0px; padding: 0px; font-size: 18px;\"><span style=\"margin: 0px; padding: 0px; color: rgb(0, 0, 0);\">512GB SSD M.2 2242 PCIe® 4.0x4 NVMe® (Còn trống 1 khe 2.5\" HDD up to 1TB, Không kèm cáp Sata HDD)</span></span></td></tr><tr class=\"row-info\" style=\"margin: 0px; padding: 0px;\"><td style=\"margin: 0px; border-color: rgb(238, 238, 238); position: relative; width: 137px; background-color: rgb(247, 247, 247) !important;\"><span style=\"margin: 0px; padding: 0px; font-size: 18px;\"><span style=\"margin: 0px; padding: 0px; font-weight: bolder;\"><font color=\"#428bca\"><span style=\"outline-color: initial; outline-width: initial; transition-duration: 0.2s; transition-timing-function: ease-in-out; transition-property: all;\">Card đồ họa</span></font></span></span></td><td style=\"margin: 0px; border-color: rgb(238, 238, 238); position: relative; width: 713px;\"><span style=\"margin: 0px; padding: 0px; font-size: 18px;\"><span style=\"margin: 0px; padding: 0px; color: rgb(0, 0, 0);\">Integrated Intel® Iris® Xe Graphics</span></span></td></tr><tr class=\"row-info\" style=\"margin: 0px; padding: 0px;\"><td style=\"margin: 0px; border-color: rgb(238, 238, 238); position: relative; width: 137px; background-color: rgb(247, 247, 247) !important;\"><span style=\"margin: 0px; padding: 0px; font-size: 18px;\"><span style=\"margin: 0px; padding: 0px; font-weight: bolder;\"><font color=\"#428bca\"><span style=\"outline-color: initial; outline-width: initial; transition-duration: 0.2s; transition-timing-function: ease-in-out; transition-property: all;\">Màn hình</span></font></span></span></td><td style=\"margin: 0px; border-color: rgb(238, 238, 238); position: relative; width: 713px;\"><span style=\"margin: 0px; padding: 0px; font-size: 18px;\"><span style=\"margin: 0px; padding: 0px; color: rgb(0, 0, 0);\">14\" FHD (1920x1080) IPS 300nits Anti-glare</span></span></td></tr><tr class=\"row-info\" style=\"margin: 0px; padding: 0px;\"><td style=\"margin: 0px; border-color: rgb(238, 238, 238); position: relative; width: 137px; background-color: rgb(247, 247, 247) !important;\"><span style=\"margin: 0px; padding: 0px; font-size: 18px;\"><span style=\"margin: 0px; padding: 0px; color: rgb(0, 0, 0);\"><span style=\"margin: 0px; padding: 0px; font-weight: bolder;\">Cổng giao tiếp</span></span></span></td><td style=\"margin: 0px; border-color: rgb(238, 238, 238); position: relative; width: 713px;\"><span style=\"margin: 0px; padding: 0px; font-size: 18px;\">1x Ethernet (RJ-45)<br style=\"margin: 0px; padding: 0px;\">1x HDMI® 1.4b<br style=\"margin: 0px; padding: 0px;\">1x Headphone / microphone combo jack (3.5mm)<br style=\"margin: 0px; padding: 0px;\">1x Power connector<br style=\"margin: 0px; padding: 0px;\">1x USB 2.0<br style=\"margin: 0px; padding: 0px;\">1x USB 3.2 Gen 1<br style=\"margin: 0px; padding: 0px;\">1x USB-C® 3.2 Gen 1 (support data transfer, Power Delivery 3.0 and DisplayPort™ 1.2)</span></td></tr><tr class=\"row-info\" style=\"margin: 0px; padding: 0px;\"><td style=\"margin: 0px; border-color: rgb(238, 238, 238); position: relative; width: 137px; background-color: rgb(247, 247, 247) !important;\"><span style=\"margin: 0px; padding: 0px; font-size: 18px;\"><span style=\"margin: 0px; padding: 0px; font-weight: bolder;\"><font color=\"#428bca\"><span style=\"outline-color: initial; outline-width: initial; transition-duration: 0.2s; transition-timing-function: ease-in-out; transition-property: all;\">Bàn phím</span></font></span></span></td><td style=\"margin: 0px; border-color: rgb(238, 238, 238); position: relative; width: 713px;\"><span style=\"margin: 0px; padding: 0px; font-size: 18px;\"><span style=\"margin: 0px; padding: 0px; color: rgb(0, 0, 0);\">Bàn phím tiêu chuẩn không LED</span></span></td></tr><tr class=\"row-info\" style=\"margin: 0px; padding: 0px;\"><td style=\"margin: 0px; border-color: rgb(238, 238, 238); position: relative; width: 137px; background-color: rgb(247, 247, 247) !important;\"><span style=\"margin: 0px; padding: 0px; font-size: 18px;\"><span style=\"margin: 0px; padding: 0px; color: rgb(0, 0, 0);\"><span style=\"margin: 0px; padding: 0px; font-weight: bolder;\">Chuẩn LAN</span></span></span></td><td style=\"margin: 0px; border-color: rgb(238, 238, 238); position: relative; width: 713px;\"><span style=\"margin: 0px; padding: 0px; font-size: 18px;\"><span style=\"margin: 0px; padding: 0px; color: rgb(0, 0, 0);\">100/1000M</span></span></td></tr><tr class=\"row-info\" style=\"margin: 0px; padding: 0px;\"><td style=\"margin: 0px; border-color: rgb(238, 238, 238); position: relative; width: 137px; background-color: rgb(247, 247, 247) !important;\"><span style=\"margin: 0px; padding: 0px; font-size: 18px;\"><span style=\"margin: 0px; padding: 0px; color: rgb(0, 0, 0);\"><span style=\"margin: 0px; padding: 0px; font-weight: bolder;\">Chuẩn WIFI</span></span></span></td><td style=\"margin: 0px; border-color: rgb(238, 238, 238); position: relative; width: 713px;\"><span style=\"margin: 0px; padding: 0px; font-size: 18px;\"><span style=\"margin: 0px; padding: 0px; color: rgb(0, 0, 0);\">Wi-Fi® 6, 11ax 2x2</span></span></td></tr><tr class=\"row-info\" style=\"margin: 0px; padding: 0px;\"><td style=\"margin: 0px; border-color: rgb(238, 238, 238); position: relative; width: 137px; background-color: rgb(247, 247, 247) !important;\"><span style=\"margin: 0px; padding: 0px; font-size: 18px;\"><span style=\"margin: 0px; padding: 0px; color: rgb(0, 0, 0);\"><span style=\"margin: 0px; padding: 0px; font-weight: bolder;\">Bluetooth</span></span></span></td><td style=\"margin: 0px; border-color: rgb(238, 238, 238); position: relative; width: 713px;\"><span style=\"margin: 0px; padding: 0px; font-size: 18px;\"><span style=\"margin: 0px; padding: 0px; color: rgb(0, 0, 0);\">v5.1</span></span></td></tr><tr style=\"margin: 0px; padding: 0px;\"><td style=\"margin: 0px; border-color: rgb(238, 238, 238); position: relative; width: 137px; background-color: rgb(247, 247, 247) !important;\"><span style=\"margin: 0px; padding: 0px; font-weight: bolder;\"><span style=\"margin: 0px; padding: 0px; font-size: 18px;\">Audio</span></span></td><td style=\"margin: 0px; border-color: rgb(238, 238, 238); position: relative; width: 713px;\"><span style=\"margin: 0px; padding: 0px; font-size: 18px;\">Stereo speakers, 1.5W x2, Dolby® Audio</span></td></tr><tr style=\"margin: 0px; padding: 0px;\"><td style=\"margin: 0px; border-color: rgb(238, 238, 238); position: relative; width: 137px; background-color: rgb(247, 247, 247) !important;\"><span style=\"margin: 0px; padding: 0px; font-size: 18px;\"><span style=\"margin: 0px; padding: 0px; font-weight: bolder;\">Bảo mật</span></span></td><td style=\"margin: 0px; border-color: rgb(238, 238, 238); position: relative; width: 713px;\"><span style=\"margin: 0px; padding: 0px; font-size: 18px;\">MIL-STD-810H military test passed<br style=\"margin: 0px; padding: 0px;\">Firmware TPM 2.0 Enabled</span></td></tr><tr class=\"row-info\" style=\"margin: 0px; padding: 0px;\"><td style=\"margin: 0px; border-color: rgb(238, 238, 238); position: relative; width: 137px; background-color: rgb(247, 247, 247) !important;\"><span style=\"margin: 0px; padding: 0px; font-size: 18px;\"><span style=\"margin: 0px; padding: 0px; font-weight: bolder;\"><font color=\"#428bca\"><span style=\"outline-color: initial; outline-width: initial; transition-duration: 0.2s; transition-timing-function: ease-in-out; transition-property: all;\">Webcam</span></font></span></span></td><td style=\"margin: 0px; border-color: rgb(238, 238, 238); position: relative; width: 713px;\"><span style=\"margin: 0px; padding: 0px; font-size: 18px;\">HD 720p with Privacy Shutter</span></td></tr><tr class=\"row-info\" style=\"margin: 0px; padding: 0px;\"><td style=\"margin: 0px; border-color: rgb(238, 238, 238); position: relative; width: 137px; background-color: rgb(247, 247, 247) !important;\"><span style=\"margin: 0px; padding: 0px; font-size: 18px;\"><span style=\"margin: 0px; padding: 0px; color: rgb(0, 0, 0);\"><span style=\"margin: 0px; padding: 0px; font-weight: bolder;\">Hệ điều hành</span></span></span></td><td style=\"margin: 0px; border-color: rgb(238, 238, 238); position: relative; width: 713px;\"><span style=\"margin: 0px; padding: 0px; font-size: 18px;\"><span style=\"margin: 0px; padding: 0px; color: rgb(0, 0, 0);\">Windows 11 Home</span></span></td></tr><tr class=\"row-info\" style=\"margin: 0px; padding: 0px;\"><td style=\"margin: 0px; border-color: rgb(238, 238, 238); position: relative; width: 137px; background-color: rgb(247, 247, 247) !important;\"><span style=\"margin: 0px; padding: 0px; font-size: 18px;\"><span style=\"margin: 0px; padding: 0px; color: rgb(0, 0, 0);\"><span style=\"margin: 0px; padding: 0px; font-weight: bolder;\">Pin</span></span></span></td><td style=\"margin: 0px; border-color: rgb(238, 238, 238); position: relative; width: 713px;\"><span style=\"margin: 0px; padding: 0px; font-size: 18px;\"><span style=\"margin: 0px; padding: 0px; color: rgb(0, 0, 0);\">Integrated 38Wh</span></span></td></tr><tr class=\"row-info\" style=\"margin: 0px; padding: 0px;\"><td style=\"margin: 0px; border-color: rgb(238, 238, 238); position: relative; width: 137px; background-color: rgb(247, 247, 247) !important;\"><span style=\"margin: 0px; padding: 0px; font-size: 18px;\"><span style=\"margin: 0px; padding: 0px; color: rgb(0, 0, 0);\"><span style=\"margin: 0px; padding: 0px; font-weight: bolder;\">Trọng lượng</span></span></span></td><td style=\"margin: 0px; border-color: rgb(238, 238, 238); position: relative; width: 713px;\"><span style=\"margin: 0px; padding: 0px; font-size: 18px;\"><span style=\"margin: 0px; padding: 0px; color: rgb(0, 0, 0);\">1.43 kg</span></span></td></tr><tr class=\"row-info\" style=\"margin: 0px; padding: 0px;\"><td style=\"margin: 0px; border-color: rgb(238, 238, 238); position: relative; width: 137px; background-color: rgb(247, 247, 247) !important;\"><span style=\"margin: 0px; padding: 0px; font-size: 18px;\"><span style=\"margin: 0px; padding: 0px; color: rgb(0, 0, 0);\"><span style=\"margin: 0px; padding: 0px; font-weight: bolder;\">Màu sắc</span></span></span></td><td style=\"margin: 0px; border-color: rgb(238, 238, 238); position: relative; width: 713px;\"><span style=\"margin: 0px; padding: 0px; font-size: 18px;\"><span style=\"margin: 0px; padding: 0px; color: rgb(0, 0, 0);\">Black</span></span></td></tr><tr class=\"row-info\" style=\"margin: 0px; padding: 0px;\"><td style=\"margin: 0px; border-color: rgb(238, 238, 238); position: relative; width: 137px; background-color: rgb(247, 247, 247) !important;\"><span style=\"margin: 0px; padding: 0px; font-size: 18px;\"><span style=\"margin: 0px; padding: 0px; color: rgb(0, 0, 0);\"><span style=\"margin: 0px; padding: 0px; font-weight: bolder;\">Kích thước</span></span></span></td><td style=\"margin: 0px; border-color: rgb(238, 238, 238); position: relative; width: 713px;\"><span style=\"margin: 0px; padding: 0px; font-size: 18px;\"><span style=\"margin: 0px; padding: 0px; color: rgb(0, 0, 0);\">324.2 x 215.2 x 19.9 mm&nbsp;</span></span></td></tr></tbody></table>', '<br>', '2024-04-20 11:05:38', '2024-04-20 11:05:38');

-- --------------------------------------------------------

--
-- Cấu trúc bảng cho bảng `transaction`
--

CREATE TABLE `transaction` (
  `id` int(11) NOT NULL,
  `amount` varchar(255) NOT NULL,
  `bank_code` varchar(50) NOT NULL,
  `users_id` int(11) NOT NULL,
  `ten` varchar(50) NOT NULL,
  `sdt` varchar(10) NOT NULL,
  `email` varchar(50) NOT NULL,
  `diachi` varchar(255) NOT NULL,
  `status` tinyint(4) NOT NULL DEFAULT 0,
  `note` text NOT NULL,
  `huy` int(11) NOT NULL DEFAULT 0,
  `done` int(11) NOT NULL DEFAULT 0,
  `tructuyen` int(11) DEFAULT 0,
  `create_at` timestamp NOT NULL DEFAULT current_timestamp(),
  `update_at` timestamp NOT NULL DEFAULT current_timestamp() ON UPDATE current_timestamp()
) ENGINE=InnoDB DEFAULT CHARSET=utf8 COLLATE=utf8_unicode_ci;

--
-- Đang đổ dữ liệu cho bảng `transaction`
--

INSERT INTO `transaction` (`id`, `amount`, `bank_code`, `users_id`, `ten`, `sdt`, `email`, `diachi`, `status`, `note`, `huy`, `done`, `tructuyen`, `create_at`, `update_at`) VALUES
(56, '9716410', 'NCB', 1, 'Nguyễn Thanh Hơn', '0344517822', 'nguyenthanhhon2982@gmail.com', '622/10 Cộng Hòa, Phường 13, Tân Bình', 1, '', 0, 0, 1, '2024-04-20 03:45:41', '2024-04-20 06:28:20'),
(65, '1028755', '', 1, 'Nguyễn Thanh Hơn', '', 'nguyenthanhhon2982@gmail.com', '', 0, '', 1, 0, 0, '2024-04-20 13:13:16', '2024-04-20 13:13:52'),
(66, '7293340', '', 1, 'Nguyễn Thanh Hơn', '', 'nguyenthanhhon2982@gmail.com', '', 1, '', 0, 0, 0, '2024-04-20 13:14:03', '2024-04-20 13:52:53'),
(68, '3419145', '', 7333, '', '', '', '', 0, '', 0, 0, 0, '2024-04-20 13:17:23', '2024-04-20 13:17:23'),
(69, '1028755', '', 7826, '', '', '', '', 0, '', 0, 0, 0, '2024-04-20 13:18:55', '2024-04-20 13:18:55');

-- --------------------------------------------------------

--
-- Cấu trúc bảng cho bảng `users`
--

CREATE TABLE `users` (
  `id` int(11) NOT NULL,
  `name` varchar(255) NOT NULL,
  `account` varchar(255) NOT NULL,
  `email` varchar(255) NOT NULL,
  `phone` varchar(10) NOT NULL,
  `address` varchar(255) NOT NULL,
  `password` varchar(255) NOT NULL,
  `status` tinyint(4) NOT NULL DEFAULT 1,
  `create_at` timestamp NOT NULL DEFAULT current_timestamp(),
  `update_at` timestamp NOT NULL DEFAULT current_timestamp() ON UPDATE current_timestamp()
) ENGINE=InnoDB DEFAULT CHARSET=utf8 COLLATE=utf8_unicode_ci;

--
-- Đang đổ dữ liệu cho bảng `users`
--

INSERT INTO `users` (`id`, `name`, `account`, `email`, `phone`, `address`, `password`, `status`, `create_at`, `update_at`) VALUES
(1, 'nth2982', 'Nguyễn Thanh Hơn', 'nguyenthanhhon2982@gmail.com', '0344517822', '622/10 Cộng Hòa, Phường 13, Tân Bình', '4297f44b13955235245b2497399d7a93', 1, '2024-04-04 05:14:31', '2024-04-04 08:45:35'),
(39, 'minhduc123', 'Vũ Minh Đức', 'minhduc236@gmail.com', '0376024561', 'Hóc Môn', '410851b5dff548d01d4948498eb010c8', 1, '2024-04-20 13:01:39', '2024-04-20 15:15:33');

-- --------------------------------------------------------

--
-- Cấu trúc bảng cho bảng `vnpay`
--

CREATE TABLE `vnpay` (
  `id` int(11) NOT NULL,
  `vnp_Amount` varchar(255) NOT NULL,
  `vnp_BankCode` varchar(255) NOT NULL,
  `vnp_BankTranNo` varchar(255) NOT NULL,
  `vnp_CardType` varchar(255) NOT NULL,
  `vnp_PayDate` varchar(255) NOT NULL,
  `vnp_ResponseCode` varchar(255) NOT NULL,
  `vnp_TmnCode` varchar(255) NOT NULL,
  `vnp_TransactionNo` varchar(255) NOT NULL,
  `vnp_TransactionStatus` varchar(255) NOT NULL,
  `vnp_TxnRef` varchar(255) NOT NULL,
  `vnp_SecureHash` varchar(255) NOT NULL
) ENGINE=InnoDB DEFAULT CHARSET=utf8mb4 COLLATE=utf8mb4_general_ci;

--
-- Đang đổ dữ liệu cho bảng `vnpay`
--

INSERT INTO `vnpay` (`id`, `vnp_Amount`, `vnp_BankCode`, `vnp_BankTranNo`, `vnp_CardType`, `vnp_PayDate`, `vnp_ResponseCode`, `vnp_TmnCode`, `vnp_TransactionNo`, `vnp_TransactionStatus`, `vnp_TxnRef`, `vnp_SecureHash`) VALUES
(37, '971641000', 'NCB', 'VNP14385467', 'ATM', '20240420104539', '00', 'PRJKDJXI', '14385467', '00', '20240420054512', '0b831cfdfd4091bb955c8c4c50622bd0a7c229b9270909912a564dbc50793b112b2d2a3c2d80a3ccde97a6666977cc01c94c487f81df644f93a7df7ae899c65b');

--
-- Chỉ mục cho các bảng đã đổ
--

--
-- Chỉ mục cho bảng `admin`
--
ALTER TABLE `admin`
  ADD PRIMARY KEY (`id`);

--
-- Chỉ mục cho bảng `category`
--
ALTER TABLE `category`
  ADD PRIMARY KEY (`id`),
  ADD KEY `fk_cata_page` (`page_id`);

--
-- Chỉ mục cho bảng `comment`
--
ALTER TABLE `comment`
  ADD PRIMARY KEY (`id`),
  ADD KEY `fk_comment_product` (`product_id`),
  ADD KEY `fk_comment_users` (`users_id`);

--
-- Chỉ mục cho bảng `orders`
--
ALTER TABLE `orders`
  ADD PRIMARY KEY (`id`),
  ADD KEY `fk_oders_product` (`product_id`),
  ADD KEY `fk_oders_transaction` (`transaction_id`);

--
-- Chỉ mục cho bảng `page`
--
ALTER TABLE `page`
  ADD PRIMARY KEY (`id`);

--
-- Chỉ mục cho bảng `panel`
--
ALTER TABLE `panel`
  ADD PRIMARY KEY (`id`);

--
-- Chỉ mục cho bảng `product`
--
ALTER TABLE `product`
  ADD PRIMARY KEY (`id`),
  ADD KEY `fk_product_cate` (`category_id`);

--
-- Chỉ mục cho bảng `transaction`
--
ALTER TABLE `transaction`
  ADD PRIMARY KEY (`id`);

--
-- Chỉ mục cho bảng `users`
--
ALTER TABLE `users`
  ADD PRIMARY KEY (`id`);

--
-- Chỉ mục cho bảng `vnpay`
--
ALTER TABLE `vnpay`
  ADD PRIMARY KEY (`id`);

--
-- AUTO_INCREMENT cho các bảng đã đổ
--

--
-- AUTO_INCREMENT cho bảng `admin`
--
ALTER TABLE `admin`
  MODIFY `id` int(11) NOT NULL AUTO_INCREMENT, AUTO_INCREMENT=15;

--
-- AUTO_INCREMENT cho bảng `category`
--
ALTER TABLE `category`
  MODIFY `id` int(11) NOT NULL AUTO_INCREMENT, AUTO_INCREMENT=80;

--
-- AUTO_INCREMENT cho bảng `comment`
--
ALTER TABLE `comment`
  MODIFY `id` int(11) NOT NULL AUTO_INCREMENT, AUTO_INCREMENT=4;

--
-- AUTO_INCREMENT cho bảng `orders`
--
ALTER TABLE `orders`
  MODIFY `id` int(11) NOT NULL AUTO_INCREMENT, AUTO_INCREMENT=67;

--
-- AUTO_INCREMENT cho bảng `page`
--
ALTER TABLE `page`
  MODIFY `id` int(11) NOT NULL AUTO_INCREMENT, AUTO_INCREMENT=7;

--
-- AUTO_INCREMENT cho bảng `panel`
--
ALTER TABLE `panel`
  MODIFY `id` int(11) NOT NULL AUTO_INCREMENT, AUTO_INCREMENT=25;

--
-- AUTO_INCREMENT cho bảng `product`
--
ALTER TABLE `product`
  MODIFY `id` int(11) NOT NULL AUTO_INCREMENT, AUTO_INCREMENT=99;

--
-- AUTO_INCREMENT cho bảng `transaction`
--
ALTER TABLE `transaction`
  MODIFY `id` int(11) NOT NULL AUTO_INCREMENT, AUTO_INCREMENT=71;

--
-- AUTO_INCREMENT cho bảng `users`
--
ALTER TABLE `users`
  MODIFY `id` int(11) NOT NULL AUTO_INCREMENT, AUTO_INCREMENT=40;

--
-- AUTO_INCREMENT cho bảng `vnpay`
--
ALTER TABLE `vnpay`
  MODIFY `id` int(11) NOT NULL AUTO_INCREMENT, AUTO_INCREMENT=38;

--
-- Các ràng buộc cho các bảng đã đổ
--

--
-- Các ràng buộc cho bảng `category`
--
ALTER TABLE `category`
  ADD CONSTRAINT `fk_cata_page` FOREIGN KEY (`page_id`) REFERENCES `page` (`id`);

--
-- Các ràng buộc cho bảng `comment`
--
ALTER TABLE `comment`
  ADD CONSTRAINT `fk_comment_product` FOREIGN KEY (`product_id`) REFERENCES `product` (`id`),
  ADD CONSTRAINT `fk_comment_users` FOREIGN KEY (`users_id`) REFERENCES `users` (`id`);

--
-- Các ràng buộc cho bảng `orders`
--
ALTER TABLE `orders`
  ADD CONSTRAINT `fk_oders_product` FOREIGN KEY (`product_id`) REFERENCES `product` (`id`),
  ADD CONSTRAINT `fk_oders_transaction` FOREIGN KEY (`transaction_id`) REFERENCES `transaction` (`id`);
COMMIT;

/*!40101 SET CHARACTER_SET_CLIENT=@OLD_CHARACTER_SET_CLIENT */;
/*!40101 SET CHARACTER_SET_RESULTS=@OLD_CHARACTER_SET_RESULTS */;
/*!40101 SET COLLATION_CONNECTION=@OLD_COLLATION_CONNECTION */;
